-- =========================================================
-- MINIMAL STANDALONE SCHEMA FOR RECURSIVE CTE ENGINE
-- =========================================================

DROP TABLE IF EXISTS piece_bitboards;

CREATE TABLE piece_bitboards(piece TINYINT PRIMARY KEY, bitboard UBIGINT);

INSERT INTO piece_bitboards VALUES
        (6, 1::UBIGINT << 4), -- e1
        (5, 1::UBIGINT << 3), -- d1
        (4, (1::UBIGINT << 0) | (1::UBIGINT << 7)), -- a1, h1
        (3, (1::UBIGINT << 2) | (1::UBIGINT << 5)), -- c1, f1
        (2, (1::UBIGINT << 1) | (1::UBIGINT << 6)), -- b1, g1
        (1, 255::UBIGINT << 8), -- Rank 2
        (-6, 1::UBIGINT << 60), -- e8
        (-5, 1::UBIGINT << 59), -- d8
        (-4, (1::UBIGINT << 56) | (1::UBIGINT << 63)), -- a8, h8
        (-3, (1::UBIGINT << 58) | (1::UBIGINT << 61)), -- c8, f8
        (-2, (1::UBIGINT << 57) | (1::UBIGINT << 62)), -- b8, g8
        (-1, 255::UBIGINT << 48);

DROP TABLE IF EXISTS piece_masks;

CREATE TABLE piece_masks (
            piece TINYINT PRIMARY KEY,
            mask_wK UBIGINT, mask_wQ UBIGINT, mask_wR UBIGINT, mask_wB UBIGINT, mask_wN UBIGINT, mask_wP UBIGINT,
            mask_bK UBIGINT, mask_bQ UBIGINT, mask_bR UBIGINT, mask_bB UBIGINT, mask_bN UBIGINT, mask_bP UBIGINT
        );

INSERT INTO piece_masks VALUES (1, 0::UBIGINT, 0::UBIGINT, 0::UBIGINT, 0::UBIGINT, 0::UBIGINT, (~0::UBIGINT), 0::UBIGINT, 0::UBIGINT, 0::UBIGINT, 0::UBIGINT, 0::UBIGINT, 0::UBIGINT), (2, 0::UBIGINT, 0::UBIGINT, 0::UBIGINT, 0::UBIGINT, (~0::UBIGINT), 0::UBIGINT, 0::UBIGINT, 0::UBIGINT, 0::UBIGINT, 0::UBIGINT, 0::UBIGINT, 0::UBIGINT), (3, 0::UBIGINT, 0::UBIGINT, 0::UBIGINT, (~0::UBIGINT), 0::UBIGINT, 0::UBIGINT, 0::UBIGINT, 0::UBIGINT, 0::UBIGINT, 0::UBIGINT, 0::UBIGINT, 0::UBIGINT), (4, 0::UBIGINT, 0::UBIGINT, (~0::UBIGINT), 0::UBIGINT, 0::UBIGINT, 0::UBIGINT, 0::UBIGINT, 0::UBIGINT, 0::UBIGINT, 0::UBIGINT, 0::UBIGINT, 0::UBIGINT), (5, 0::UBIGINT, (~0::UBIGINT), 0::UBIGINT, 0::UBIGINT, 0::UBIGINT, 0::UBIGINT, 0::UBIGINT, 0::UBIGINT, 0::UBIGINT, 0::UBIGINT, 0::UBIGINT, 0::UBIGINT), (6, (~0::UBIGINT), 0::UBIGINT, 0::UBIGINT, 0::UBIGINT, 0::UBIGINT, 0::UBIGINT, 0::UBIGINT, 0::UBIGINT, 0::UBIGINT, 0::UBIGINT, 0::UBIGINT, 0::UBIGINT), (-1, 0::UBIGINT, 0::UBIGINT, 0::UBIGINT, 0::UBIGINT, 0::UBIGINT, 0::UBIGINT, 0::UBIGINT, 0::UBIGINT, 0::UBIGINT, 0::UBIGINT, 0::UBIGINT, (~0::UBIGINT)), (-2, 0::UBIGINT, 0::UBIGINT, 0::UBIGINT, 0::UBIGINT, 0::UBIGINT, 0::UBIGINT, 0::UBIGINT, 0::UBIGINT, 0::UBIGINT, 0::UBIGINT, (~0::UBIGINT), 0::UBIGINT), (-3, 0::UBIGINT, 0::UBIGINT, 0::UBIGINT, 0::UBIGINT, 0::UBIGINT, 0::UBIGINT, 0::UBIGINT, 0::UBIGINT, 0::UBIGINT, (~0::UBIGINT), 0::UBIGINT, 0::UBIGINT), (-4, 0::UBIGINT, 0::UBIGINT, 0::UBIGINT, 0::UBIGINT, 0::UBIGINT, 0::UBIGINT, 0::UBIGINT, 0::UBIGINT, (~0::UBIGINT), 0::UBIGINT, 0::UBIGINT, 0::UBIGINT), (-5, 0::UBIGINT, 0::UBIGINT, 0::UBIGINT, 0::UBIGINT, 0::UBIGINT, 0::UBIGINT, 0::UBIGINT, (~0::UBIGINT), 0::UBIGINT, 0::UBIGINT, 0::UBIGINT, 0::UBIGINT), (-6, 0::UBIGINT, 0::UBIGINT, 0::UBIGINT, 0::UBIGINT, 0::UBIGINT, 0::UBIGINT, (~0::UBIGINT), 0::UBIGINT, 0::UBIGINT, 0::UBIGINT, 0::UBIGINT, 0::UBIGINT);

DROP TABLE IF EXISTS game_state;

CREATE TABLE game_state(
            active_turn TINYINT,
            castling_rights HUGEINT,
            halfmove_clock INTEGER,
            fullmove_number INTEGER
        );

INSERT INTO game_state (active_turn, castling_rights, halfmove_clock, fullmove_number)
        VALUES (1, 15, 0, 1);

DROP TABLE IF EXISTS v_board_state;

CREATE TABLE v_board_state (
            wK_bb UBIGINT, wQ_bb UBIGINT, wR_bb UBIGINT, wB_bb UBIGINT, wN_bb UBIGINT, wP_bb UBIGINT,
            bK_bb UBIGINT, bQ_bb UBIGINT, bR_bb UBIGINT, bB_bb UBIGINT, bN_bb UBIGINT, bP_bb UBIGINT,
            castling_rights HUGEINT, active_turn TINYINT
        );

DROP TABLE IF EXISTS pst_values;

CREATE TABLE pst_values (piece TINYINT, square TINYINT, value INTEGER, PRIMARY KEY(piece, square));

INSERT INTO pst_values VALUES (1, 0, 0), (1, 1, 0), (1, 2, 0), (1, 3, 0), (1, 4, 0), (1, 5, 0), (1, 6, 0), (1, 7, 0), (1, 8, 5), (1, 9, 10), (1, 10, 10), (1, 11, -20), (1, 12, -20), (1, 13, 10), (1, 14, 10), (1, 15, 5), (1, 16, 5), (1, 17, -5), (1, 18, -10), (1, 19, 0), (1, 20, 0), (1, 21, -10), (1, 22, -5), (1, 23, 5), (1, 24, 0), (1, 25, 0), (1, 26, 0), (1, 27, 80), (1, 28, 80), (1, 29, 0), (1, 30, 0), (1, 31, 0), (1, 32, 5), (1, 33, 5), (1, 34, 10), (1, 35, 85), (1, 36, 85), (1, 37, 10), (1, 38, 5), (1, 39, 5), (1, 40, 50), (1, 41, 50), (1, 42, 60), (1, 43, 80), (1, 44, 80), (1, 45, 60), (1, 46, 50), (1, 47, 50), (1, 48, 200), (1, 49, 200), (1, 50, 200), (1, 51, 200), (1, 52, 200), (1, 53, 200), (1, 54, 200), (1, 55, 200), (1, 56, 0), (1, 57, 0), (1, 58, 0), (1, 59, 0), (1, 60, 0), (1, 61, 0), (1, 62, 0), (1, 63, 0), (2, 0, -50), (2, 1, -40), (2, 2, -30), (2, 3, -30), (2, 4, -30), (2, 5, -30), (2, 6, -40), (2, 7, -50), (2, 8, 0), (2, 9, 20), (2, 10, 40), (2, 11, 45), (2, 12, 45), (2, 13, 40), (2, 14, 20), (2, 15, 0), (2, 16, 10), (2, 17, 45), (2, 18, 50), (2, 19, 55), (2, 20, 55), (2, 21, 50), (2, 22, 45), (2, 23, 10), (2, 24, 10), (2, 25, 40), (2, 26, 55), (2, 27, 120), (2, 28, 120), (2, 29, 55), (2, 30, 40), (2, 31, 10), (2, 32, 10), (2, 33, 45), (2, 34, 55), (2, 35, 120), (2, 36, 120), (2, 37, 55), (2, 38, 45), (2, 39, 10), (2, 40, 10), (2, 41, 40), (2, 42, 50), (2, 43, 55), (2, 44, 55), (2, 45, 50), (2, 46, 40), (2, 47, 10), (2, 48, 0), (2, 49, 20), (2, 50, 40), (2, 51, 40), (2, 52, 40), (2, 53, 40), (2, 54, 20), (2, 55, 0), (2, 56, -10), (2, 57, 0), (2, 58, 10), (2, 59, 10), (2, 60, 10), (2, 61, 10), (2, 62, 0), (2, 63, -10), (3, 0, -20), (3, 1, -10), (3, 2, -10), (3, 3, -10), (3, 4, -10), (3, 5, -10), (3, 6, -10), (3, 7, -20), (3, 8, 30), (3, 9, 45), (3, 10, 40), (3, 11, 40), (3, 12, 40), (3, 13, 40), (3, 14, 45), (3, 15, 30), (3, 16, 30), (3, 17, 50), (3, 18, 50), (3, 19, 50), (3, 20, 50), (3, 21, 50), (3, 22, 50), (3, 23, 30), (3, 24, 30), (3, 25, 40), (3, 26, 50), (3, 27, 110), (3, 28, 110), (3, 29, 50), (3, 30, 40), (3, 31, 30), (3, 32, 30), (3, 33, 45), (3, 34, 45), (3, 35, 110), (3, 36, 110), (3, 37, 45), (3, 38, 45), (3, 39, 30), (3, 40, 30), (3, 41, 40), (3, 42, 45), (3, 43, 50), (3, 44, 50), (3, 45, 45), (3, 46, 40), (3, 47, 30), (3, 48, 30), (3, 49, 40), (3, 50, 40), (3, 51, 40), (3, 52, 40), (3, 53, 40), (3, 54, 40), (3, 55, 30), (3, 56, 20), (3, 57, 30), (3, 58, 30), (3, 59, 30), (3, 60, 30), (3, 61, 30), (3, 62, 30), (3, 63, 20), (4, 0, 0), (4, 1, 0), (4, 2, 0), (4, 3, 5), (4, 4, 5), (4, 5, 0), (4, 6, 0), (4, 7, 0), (4, 8, -5), (4, 9, 0), (4, 10, 0), (4, 11, 0), (4, 12, 0), (4, 13, 0), (4, 14, 0), (4, 15, -5), (4, 16, -5), (4, 17, 0), (4, 18, 0), (4, 19, 0), (4, 20, 0), (4, 21, 0), (4, 22, 0), (4, 23, -5), (4, 24, -5), (4, 25, 0), (4, 26, 0), (4, 27, 0), (4, 28, 0), (4, 29, 0), (4, 30, 0), (4, 31, -5), (4, 32, -5), (4, 33, 0), (4, 34, 0), (4, 35, 0), (4, 36, 0), (4, 37, 0), (4, 38, 0), (4, 39, -5), (4, 40, -5), (4, 41, 0), (4, 42, 0), (4, 43, 0), (4, 44, 0), (4, 45, 0), (4, 46, 0), (4, 47, -5), (4, 48, 5), (4, 49, 10), (4, 50, 10), (4, 51, 10), (4, 52, 10), (4, 53, 10), (4, 54, 10), (4, 55, 5), (4, 56, 0), (4, 57, 0), (4, 58, 0), (4, 59, 0), (4, 60, 0), (4, 61, 0), (4, 62, 0), (4, 63, 0), (5, 0, -20), (5, 1, -10), (5, 2, -10), (5, 3, -5), (5, 4, -5), (5, 5, -10), (5, 6, -10), (5, 7, -20), (5, 8, -10), (5, 9, 0), (5, 10, 5), (5, 11, 0), (5, 12, 0), (5, 13, 0), (5, 14, 0), (5, 15, -10), (5, 16, -10), (5, 17, 5), (5, 18, 5), (5, 19, 5), (5, 20, 5), (5, 21, 5), (5, 22, 0), (5, 23, -10), (5, 24, 0), (5, 25, 0), (5, 26, 5), (5, 27, 65), (5, 28, 65), (5, 29, 5), (5, 30, 0), (5, 31, -5), (5, 32, -5), (5, 33, 0), (5, 34, 5), (5, 35, 65), (5, 36, 65), (5, 37, 5), (5, 38, 0), (5, 39, -5), (5, 40, -10), (5, 41, 0), (5, 42, 5), (5, 43, 5), (5, 44, 5), (5, 45, 5), (5, 46, 0), (5, 47, -10), (5, 48, -10), (5, 49, 0), (5, 50, 0), (5, 51, 0), (5, 52, 0), (5, 53, 0), (5, 54, 0), (5, 55, -10), (5, 56, -20), (5, 57, -10), (5, 58, -10), (5, 59, -5), (5, 60, -5), (5, 61, -10), (5, 62, -10), (5, 63, -20), (6, 0, 20), (6, 1, 30), (6, 2, 40), (6, 3, 0), (6, 4, 0), (6, 5, 10), (6, 6, 50), (6, 7, 20), (6, 8, 20), (6, 9, 20), (6, 10, 0), (6, 11, 0), (6, 12, 0), (6, 13, 0), (6, 14, 20), (6, 15, 20), (6, 16, -10), (6, 17, -20), (6, 18, -20), (6, 19, -20), (6, 20, -20), (6, 21, -20), (6, 22, -20), (6, 23, -10), (6, 24, -20), (6, 25, -30), (6, 26, -30), (6, 27, -40), (6, 28, -40), (6, 29, -30), (6, 30, -30), (6, 31, -20), (6, 32, -30), (6, 33, -40), (6, 34, -40), (6, 35, -50), (6, 36, -50), (6, 37, -40), (6, 38, -40), (6, 39, -30), (6, 40, -30), (6, 41, -40), (6, 42, -40), (6, 43, -50), (6, 44, -50), (6, 45, -40), (6, 46, -40), (6, 47, -30), (6, 48, -30), (6, 49, -40), (6, 50, -40), (6, 51, -50), (6, 52, -50), (6, 53, -40), (6, 54, -40), (6, 55, -30), (6, 56, -30), (6, 57, -40), (6, 58, -40), (6, 59, -50), (6, 60, -50), (6, 61, -40), (6, 62, -40), (6, 63, -30), (-1, 0, 0), (-1, 1, 0), (-1, 2, 0), (-1, 3, 0), (-1, 4, 0), (-1, 5, 0), (-1, 6, 0), (-1, 7, 0), (-1, 8, 200), (-1, 9, 200), (-1, 10, 200), (-1, 11, 200), (-1, 12, 200), (-1, 13, 200), (-1, 14, 200), (-1, 15, 200), (-1, 16, 50), (-1, 17, 50), (-1, 18, 60), (-1, 19, 80), (-1, 20, 80), (-1, 21, 60), (-1, 22, 50), (-1, 23, 50), (-1, 24, 5), (-1, 25, 5), (-1, 26, 10), (-1, 27, 85), (-1, 28, 85), (-1, 29, 10), (-1, 30, 5), (-1, 31, 5), (-1, 32, 0), (-1, 33, 0), (-1, 34, 0), (-1, 35, 80), (-1, 36, 80), (-1, 37, 0), (-1, 38, 0), (-1, 39, 0), (-1, 40, 5), (-1, 41, -5), (-1, 42, -10), (-1, 43, 0), (-1, 44, 0), (-1, 45, -10), (-1, 46, -5), (-1, 47, 5), (-1, 48, 5), (-1, 49, 10), (-1, 50, 10), (-1, 51, -20), (-1, 52, -20), (-1, 53, 10), (-1, 54, 10), (-1, 55, 5), (-1, 56, 0), (-1, 57, 0), (-1, 58, 0), (-1, 59, 0), (-1, 60, 0), (-1, 61, 0), (-1, 62, 0), (-1, 63, 0), (-2, 0, -10), (-2, 1, 0), (-2, 2, 10), (-2, 3, 10), (-2, 4, 10), (-2, 5, 10), (-2, 6, 0), (-2, 7, -10), (-2, 8, 0), (-2, 9, 20), (-2, 10, 40), (-2, 11, 40), (-2, 12, 40), (-2, 13, 40), (-2, 14, 20), (-2, 15, 0), (-2, 16, 10), (-2, 17, 40), (-2, 18, 50), (-2, 19, 55), (-2, 20, 55), (-2, 21, 50), (-2, 22, 40), (-2, 23, 10), (-2, 24, 10), (-2, 25, 45), (-2, 26, 55), (-2, 27, 120), (-2, 28, 120), (-2, 29, 55), (-2, 30, 45), (-2, 31, 10), (-2, 32, 10), (-2, 33, 40), (-2, 34, 55), (-2, 35, 120), (-2, 36, 120), (-2, 37, 55), (-2, 38, 40), (-2, 39, 10), (-2, 40, 10), (-2, 41, 45), (-2, 42, 50), (-2, 43, 55), (-2, 44, 55), (-2, 45, 50), (-2, 46, 45), (-2, 47, 10), (-2, 48, 0), (-2, 49, 20), (-2, 50, 40), (-2, 51, 45), (-2, 52, 45), (-2, 53, 40), (-2, 54, 20), (-2, 55, 0), (-2, 56, -50), (-2, 57, -40), (-2, 58, -30), (-2, 59, -30), (-2, 60, -30), (-2, 61, -30), (-2, 62, -40), (-2, 63, -50), (-3, 0, 20), (-3, 1, 30), (-3, 2, 30), (-3, 3, 30), (-3, 4, 30), (-3, 5, 30), (-3, 6, 30), (-3, 7, 20), (-3, 8, 30), (-3, 9, 40), (-3, 10, 40), (-3, 11, 40), (-3, 12, 40), (-3, 13, 40), (-3, 14, 40), (-3, 15, 30), (-3, 16, 30), (-3, 17, 40), (-3, 18, 45), (-3, 19, 50), (-3, 20, 50), (-3, 21, 45), (-3, 22, 40), (-3, 23, 30), (-3, 24, 30), (-3, 25, 45), (-3, 26, 45), (-3, 27, 110), (-3, 28, 110), (-3, 29, 45), (-3, 30, 45), (-3, 31, 30), (-3, 32, 30), (-3, 33, 40), (-3, 34, 50), (-3, 35, 110), (-3, 36, 110), (-3, 37, 50), (-3, 38, 40), (-3, 39, 30), (-3, 40, 30), (-3, 41, 50), (-3, 42, 50), (-3, 43, 50), (-3, 44, 50), (-3, 45, 50), (-3, 46, 50), (-3, 47, 30), (-3, 48, 30), (-3, 49, 45), (-3, 50, 40), (-3, 51, 40), (-3, 52, 40), (-3, 53, 40), (-3, 54, 45), (-3, 55, 30), (-3, 56, -20), (-3, 57, -10), (-3, 58, -10), (-3, 59, -10), (-3, 60, -10), (-3, 61, -10), (-3, 62, -10), (-3, 63, -20), (-4, 0, 0), (-4, 1, 0), (-4, 2, 0), (-4, 3, 0), (-4, 4, 0), (-4, 5, 0), (-4, 6, 0), (-4, 7, 0), (-4, 8, 5), (-4, 9, 10), (-4, 10, 10), (-4, 11, 10), (-4, 12, 10), (-4, 13, 10), (-4, 14, 10), (-4, 15, 5), (-4, 16, -5), (-4, 17, 0), (-4, 18, 0), (-4, 19, 0), (-4, 20, 0), (-4, 21, 0), (-4, 22, 0), (-4, 23, -5), (-4, 24, -5), (-4, 25, 0), (-4, 26, 0), (-4, 27, 0), (-4, 28, 0), (-4, 29, 0), (-4, 30, 0), (-4, 31, -5), (-4, 32, -5), (-4, 33, 0), (-4, 34, 0), (-4, 35, 0), (-4, 36, 0), (-4, 37, 0), (-4, 38, 0), (-4, 39, -5), (-4, 40, -5), (-4, 41, 0), (-4, 42, 0), (-4, 43, 0), (-4, 44, 0), (-4, 45, 0), (-4, 46, 0), (-4, 47, -5), (-4, 48, -5), (-4, 49, 0), (-4, 50, 0), (-4, 51, 0), (-4, 52, 0), (-4, 53, 0), (-4, 54, 0), (-4, 55, -5), (-4, 56, 0), (-4, 57, 0), (-4, 58, 0), (-4, 59, 5), (-4, 60, 5), (-4, 61, 0), (-4, 62, 0), (-4, 63, 0), (-5, 0, -20), (-5, 1, -10), (-5, 2, -10), (-5, 3, -5), (-5, 4, -5), (-5, 5, -10), (-5, 6, -10), (-5, 7, -20), (-5, 8, -10), (-5, 9, 0), (-5, 10, 0), (-5, 11, 0), (-5, 12, 0), (-5, 13, 0), (-5, 14, 0), (-5, 15, -10), (-5, 16, -10), (-5, 17, 0), (-5, 18, 5), (-5, 19, 5), (-5, 20, 5), (-5, 21, 5), (-5, 22, 0), (-5, 23, -10), (-5, 24, -5), (-5, 25, 0), (-5, 26, 5), (-5, 27, 65), (-5, 28, 65), (-5, 29, 5), (-5, 30, 0), (-5, 31, -5), (-5, 32, 0), (-5, 33, 0), (-5, 34, 5), (-5, 35, 65), (-5, 36, 65), (-5, 37, 5), (-5, 38, 0), (-5, 39, -5), (-5, 40, -10), (-5, 41, 5), (-5, 42, 5), (-5, 43, 5), (-5, 44, 5), (-5, 45, 5), (-5, 46, 0), (-5, 47, -10), (-5, 48, -10), (-5, 49, 0), (-5, 50, 5), (-5, 51, 0), (-5, 52, 0), (-5, 53, 0), (-5, 54, 0), (-5, 55, -10), (-5, 56, -20), (-5, 57, -10), (-5, 58, -10), (-5, 59, -5), (-5, 60, -5), (-5, 61, -10), (-5, 62, -10), (-5, 63, -20), (-6, 0, -30), (-6, 1, -40), (-6, 2, -40), (-6, 3, -50), (-6, 4, -50), (-6, 5, -40), (-6, 6, -40), (-6, 7, -30), (-6, 8, -30), (-6, 9, -40), (-6, 10, -40), (-6, 11, -50), (-6, 12, -50), (-6, 13, -40), (-6, 14, -40), (-6, 15, -30), (-6, 16, -30), (-6, 17, -40), (-6, 18, -40), (-6, 19, -50), (-6, 20, -50), (-6, 21, -40), (-6, 22, -40), (-6, 23, -30), (-6, 24, -30), (-6, 25, -40), (-6, 26, -40), (-6, 27, -50), (-6, 28, -50), (-6, 29, -40), (-6, 30, -40), (-6, 31, -30), (-6, 32, -20), (-6, 33, -30), (-6, 34, -30), (-6, 35, -40), (-6, 36, -40), (-6, 37, -30), (-6, 38, -30), (-6, 39, -20), (-6, 40, -10), (-6, 41, -20), (-6, 42, -20), (-6, 43, -20), (-6, 44, -20), (-6, 45, -20), (-6, 46, -20), (-6, 47, -10), (-6, 48, 20), (-6, 49, 20), (-6, 50, 0), (-6, 51, 0), (-6, 52, 0), (-6, 53, 0), (-6, 54, 20), (-6, 55, 20), (-6, 56, 20), (-6, 57, 30), (-6, 58, 40), (-6, 59, 0), (-6, 60, 0), (-6, 61, 10), (-6, 62, 50), (-6, 63, 20);

DROP TABLE IF EXISTS zobrist_constants;

CREATE TABLE zobrist_constants (piece TINYINT, square TINYINT, val UBIGINT, PRIMARY KEY(piece, square));

INSERT INTO zobrist_constants VALUES (6, 0, 9445238235325880402), (6, 1, 4824518288753434210), (6, 2, 2467696429109005022), (6, 3, 11871865260126808267), (6, 4, 1834799611163290458), (6, 5, 14126001114785705612), (6, 6, 17821941797803649105), (6, 7, 9247591292304906177), (6, 8, 11393571551695482670), (6, 9, 1707943789299742960), (6, 10, 1343559685502571393), (6, 11, 2107283303551436518), (6, 12, 10804079228576491627), (6, 13, 1896331165612893819), (6, 14, 12008972745715920759), (6, 15, 16239007954222378985), (6, 16, 6822496909350953078), (6, 17, 2314169777672461622), (6, 18, 17000022558117800332), (6, 19, 2116983856758567135), (6, 20, 1843804023588507262), (6, 21, 745197029788961378), (6, 22, 3379133568088140918), (6, 23, 14481295517224061486), (6, 24, 16959798326896930874), (6, 25, 15718012860498581466), (6, 26, 4075141751459067253), (6, 27, 18220078228035035487), (6, 28, 12650683721889964125), (6, 29, 16489355100586440157), (6, 30, 831808971249768310), (6, 31, 9218240483992595544), (6, 32, 14344389691578383232), (6, 33, 12657976789541421175), (6, 34, 12644393064606400183), (6, 35, 7922162077266558602), (6, 36, 462245935130528375), (6, 37, 2804465579700523555), (6, 38, 14045594756262609607), (6, 39, 32997532206837122), (6, 40, 11862930442464084825), (6, 41, 12964810626272382879), (6, 42, 18110768825204117952), (6, 43, 2563817992062231779), (6, 44, 14314430586858865642), (6, 45, 4185970846006071917), (6, 46, 3948374055603061641), (6, 47, 235018570131188814), (6, 48, 10487813948882840470), (6, 49, 15133684495986546369), (6, 50, 6329853035138055212), (6, 51, 9459462623101312724), (6, 52, 11333392607786498153), (6, 53, 9788139090567860185), (6, 54, 9457948648986872454), (6, 55, 11378827800196060179), (6, 56, 9240735006511988219), (6, 57, 9659977786057863360), (6, 58, 3669967961519212961), (6, 59, 7938491997132575858), (6, 60, 11950410636596065370), (6, 61, 9772127344180155826), (6, 62, 13272728057803637657), (6, 63, 10663029444900010974), (5, 0, 1617399622230416169), (5, 1, 4579355964504095583), (5, 2, 4105241134628513513), (5, 3, 15767090696128006628), (5, 4, 11363938676138268663), (5, 5, 7542939254071057560), (5, 6, 7816753087039010849), (5, 7, 7814774347954789265), (5, 8, 3120957744173384678), (5, 9, 1043248382902227297), (5, 10, 8879847155820130179), (5, 11, 3654457288266397852), (5, 12, 2189550356001781485), (5, 13, 17000928786253237312), (5, 14, 3732088215611764952), (5, 15, 732446848172895545), (5, 16, 4294253200630687011), (5, 17, 13433630334553708457), (5, 18, 10373923091622225222), (5, 19, 2915026504942505484), (5, 20, 4363937634751588752), (5, 21, 6855908358645836483), (5, 22, 10895201725412201686), (5, 23, 13494254570952848639), (5, 24, 12001648316143075542), (5, 25, 15276311871003478615), (5, 26, 6464092734128570883), (5, 27, 18062605301052208967), (5, 28, 14099544079416450409), (5, 29, 14933395515427065747), (5, 30, 11816422334566132044), (5, 31, 15524235650137990814), (5, 32, 14119457619229646163), (5, 33, 1423594415461241513), (5, 34, 15010727484085633228), (5, 35, 15075059998037348301), (5, 36, 1560544851226047378), (5, 37, 14955815992222211701), (5, 38, 9113394044209522313), (5, 39, 13496680399228300548), (5, 40, 1342943959500511710), (5, 41, 7356567089792548845), (5, 42, 10262537512379316050), (5, 43, 17573630747283822908), (5, 44, 11042412056412335630), (5, 45, 13396813822297573586), (5, 46, 12818204761209262659), (5, 47, 7526872466784751655), (5, 48, 11261726033599645383), (5, 49, 13444367889374667914), (5, 50, 10633788165790480067), (5, 51, 2545518983841645934), (5, 52, 14013520987193103588), (5, 53, 4431572157036735821), (5, 54, 15330303780762812759), (5, 55, 12655741728828739733), (5, 56, 4281197247580179572), (5, 57, 12683214396119767660), (5, 58, 10796459769544076504), (5, 59, 862949528852802049), (5, 60, 18041003904889565973), (5, 61, 3777924564796053299), (5, 62, 14721533612273726429), (5, 63, 6071278839287659642), (4, 0, 8060271715122040450), (4, 1, 4483121383834802847), (4, 2, 12717532963047195114), (4, 3, 5482177286898943209), (4, 4, 13166870757609126304), (4, 5, 16405117469529005011), (4, 6, 2298645336884504228), (4, 7, 2666528273437554793), (4, 8, 18041367040793857497), (4, 9, 2131844351626113282), (4, 10, 16925400942836891744), (4, 11, 16886316919720472032), (4, 12, 5082013064462803771), (4, 13, 10572675313141083069), (4, 14, 12041412063832245546), (4, 15, 13157366582329125280), (4, 16, 8884026340276462835), (4, 17, 6987363870759317754), (4, 18, 6643298186689940891), (4, 19, 11982249949864904256), (4, 20, 15220510773936460236), (4, 21, 13330855709834090735), (4, 22, 5228374584717250334), (4, 23, 17581836103489751424), (4, 24, 15877433459893740435), (4, 25, 4868307877843901204), (4, 26, 15248889652855660578), (4, 27, 9433762087169689186), (4, 28, 5551062581478115054), (4, 29, 11315238870211154915), (4, 30, 5309103784027163268), (4, 31, 797136187703301521), (4, 32, 5694749634299823610), (4, 33, 17737950600336527217), (4, 34, 54561041062775727), (4, 35, 9089821417818980088), (4, 36, 12087727600815664133), (4, 37, 11835620349000832925), (4, 38, 10447786576113776754), (4, 39, 3508240067465564802), (4, 40, 6743634008837002663), (4, 41, 11698259478901124684), (4, 42, 8490976713549349776), (4, 43, 11466712345930864023), (4, 44, 15389094046460118908), (4, 45, 7185683106728473458), (4, 46, 2536387434802039060), (4, 47, 2595881876790922118), (4, 48, 5656467536809464977), (4, 49, 3330171719519800824), (4, 50, 11755143877387091171), (4, 51, 7720773918612136922), (4, 52, 7924151065283420445), (4, 53, 8713817675473880735), (4, 54, 1934807624506804562), (4, 55, 7133181390451177920), (4, 56, 15675053602744041523), (4, 57, 16261647748860863731), (4, 58, 738988187581971450), (4, 59, 14776748781203346829), (4, 60, 10317431487098161510), (4, 61, 17864494487534945780), (4, 62, 16643903216968981375), (4, 63, 4567532778013798665), (3, 0, 15830151942446169387), (3, 1, 13032449777568414353), (3, 2, 17407562465732187172), (3, 3, 13206345479969086092), (3, 4, 15747974400025358521), (3, 5, 3263483031112193816), (3, 6, 15837931436664437558), (3, 7, 4224807514004190912), (3, 8, 12163951533212859181), (3, 9, 17096939573549818011), (3, 10, 13903144638864794778), (3, 11, 451068691901911379), (3, 12, 7506443634345844657), (3, 13, 14064322734584728014), (3, 14, 10978282705087399261), (3, 15, 2363440191358200599), (3, 16, 15171401771970518017), (3, 17, 17146873882623077881), (3, 18, 10088263699024831586), (3, 19, 6765446620726104874), (3, 20, 17912717379701893004), (3, 21, 8696903770549826883), (3, 22, 16571190953144304873), (3, 23, 13054475583066469408), (3, 24, 17391499035363615688), (3, 25, 5278878744854829711), (3, 26, 6877592667508900986), (3, 27, 520845674078026994), (3, 28, 2721078981207732235), (3, 29, 18441163451715880107), (3, 30, 11874768073246485602), (3, 31, 10353962710179968954), (3, 32, 11201291953944759509), (3, 33, 17841335149128104588), (3, 34, 9684504974358309113), (3, 35, 1037231168274576488), (3, 36, 18033059064404368896), (3, 37, 13437047616386676156), (3, 38, 1103921453505520599), (3, 39, 6909811165649663056), (3, 40, 7713013178909017784), (3, 41, 13021012265753798197), (3, 42, 13693493756913242041), (3, 43, 14513890625747332710), (3, 44, 3585157058942001850), (3, 45, 13979999262087151103), (3, 46, 8425008840398092484), (3, 47, 5979570734148247989), (3, 48, 17088318229956581430), (3, 49, 7307210743676066822), (3, 50, 11080059037012092990), (3, 51, 11574974689363708782), (3, 52, 9400918257050911352), (3, 53, 9876745043107290748), (3, 54, 6116049001969452096), (3, 55, 11186366630382935880), (3, 56, 275820828084816246), (3, 57, 1372888717824202852), (3, 58, 762823952407140948), (3, 59, 9111725108573358432), (3, 60, 14225368172576938738), (3, 61, 16324870778720180039), (3, 62, 5433490442703989801), (3, 63, 4913956370565985713), (2, 0, 17363800433508715802), (2, 1, 14566576389389259904), (2, 2, 8003842589598086057), (2, 3, 12834959657744825358), (2, 4, 13023393367729311094), (2, 5, 13467451545689902828), (2, 6, 8359896545615197809), (2, 7, 16528441676339993437), (2, 8, 5664002748001595307), (2, 9, 4495860772227568692), (2, 10, 11577163990873612444), (2, 11, 13683125582656334301), (2, 12, 16487824166465120846), (2, 13, 12254122863907634074), (2, 14, 2337635331173594349), (2, 15, 15229029900981349828), (2, 16, 18325205211666566047), (2, 17, 8425900551603996616), (2, 18, 5622104374446590535), (2, 19, 9531879276014560659), (2, 20, 12289271612934185880), (2, 21, 14692542390419616351), (2, 22, 9654585007581015419), (2, 23, 8246040786230495457), (2, 24, 6337026583871462704), (2, 25, 8631242663963093514), (2, 26, 8406409804178245214), (2, 27, 3838264250698391122), (2, 28, 12621238236609863790), (2, 29, 13670366453748060462), (2, 30, 9624241930527996172), (2, 31, 14510572892006297342), (2, 32, 9377505942909105187), (2, 33, 10329383377508315275), (2, 34, 13848041008699676714), (2, 35, 3127646489001361050), (2, 36, 13752078737378197735), (2, 37, 17929728865171725222), (2, 38, 587124814442902417), (2, 39, 10347408172431059126), (2, 40, 5262559617312338279), (2, 41, 7614698303276672965), (2, 42, 14148298658440482890), (2, 43, 10174051210959697130), (2, 44, 5446575442084694787), (2, 45, 6200899030182792661), (2, 46, 15400817528844705934), (2, 47, 8141919898730285263), (2, 48, 14901226403740785310), (2, 49, 9398789096857810219), (2, 50, 9156928809450476417), (2, 51, 10565134401167917030), (2, 52, 11937668046616656025), (2, 53, 8827469217942652200), (2, 54, 7752214765258726050), (2, 55, 2125464437914051479), (2, 56, 5443910366719674640), (2, 57, 15641638768010200066), (2, 58, 2268357677845262474), (2, 59, 2849297388250770539), (2, 60, 7215627640464380915), (2, 61, 16385605942284562964), (2, 62, 1112092572077947504), (2, 63, 18337254375093631620), (1, 0, 1368665595609613937), (1, 1, 4086865708872139325), (1, 2, 15869833204091696249), (1, 3, 4357772807467737425), (1, 4, 8780654995349251155), (1, 5, 4007809786907347675), (1, 6, 6509252484291131534), (1, 7, 10212831716357086207), (1, 8, 2977767528545065224), (1, 9, 4590360957265995066), (1, 10, 9103496728499599728), (1, 11, 7993404717107128578), (1, 12, 6901630317264248272), (1, 13, 16357135279464537579), (1, 14, 13274251491038903184), (1, 15, 13206627800974195431), (1, 16, 2703649565431601618), (1, 17, 6154398889630747745), (1, 18, 7509304786861034425), (1, 19, 7196154491958344174), (1, 20, 15326425479228917277), (1, 21, 12731233690858061393), (1, 22, 7212587906305352429), (1, 23, 11495573787507412584), (1, 24, 18133454096173499380), (1, 25, 4754499905712354035), (1, 26, 8024763312242366422), (1, 27, 16386401603413324921), (1, 28, 9296354688321135953), (1, 29, 12787663874267580251), (1, 30, 9829749322595012757), (1, 31, 16269691610660325108), (1, 32, 12933147530293142649), (1, 33, 13861918588008822257), (1, 34, 10187895659815658842), (1, 35, 8863885137573867280), (1, 36, 11835830872855299022), (1, 37, 9757606800173250761), (1, 38, 14819928494376004856), (1, 39, 7178201832621171617), (1, 40, 10455727812781230374), (1, 41, 8332860905975463476), (1, 42, 9487827873271112520), (1, 43, 9172447044355919502), (1, 44, 11950883820197197843), (1, 45, 7697880026933821091), (1, 46, 15814070237097155486), (1, 47, 16738661663820578217), (1, 48, 11755721658522518802), (1, 49, 10803732904497639960), (1, 50, 13007300688765123580), (1, 51, 15199408807194105611), (1, 52, 14831092927845386981), (1, 53, 13002375015290651440), (1, 54, 5281894947831099318), (1, 55, 7283036574921313385), (1, 56, 11619742870834794417), (1, 57, 895730387646380910), (1, 58, 6483434826531094040), (1, 59, 3764799196493981796), (1, 60, 16014635001808607028), (1, 61, 2066026888014673818), (1, 62, 16478796928777755509), (1, 63, 1563391922980378371), (-6, 0, 13604312887719992429), (-6, 1, 14383285782857810965), (-6, 2, 776571417351124061), (-6, 3, 7280855482958355957), (-6, 4, 2548408989825147022), (-6, 5, 38334713330311759), (-6, 6, 2401085924401016011), (-6, 7, 12079667390647142354), (-6, 8, 13509306364708911709), (-6, 9, 2781682282357720809), (-6, 10, 13778579882260906148), (-6, 11, 3437522457264712485), (-6, 12, 15348293421585523635), (-6, 13, 3078090577726360756), (-6, 14, 3732883579401361197), (-6, 15, 8072571551101815491), (-6, 16, 9285727841275701270), (-6, 17, 17374204385953697606), (-6, 18, 17493769520092366168), (-6, 19, 11503465219936502226), (-6, 20, 2001805234723665361), (-6, 21, 11591876569124147450), (-6, 22, 12954001473760480603), (-6, 23, 3746190601219324161), (-6, 24, 5765198154477662771), (-6, 25, 18008768068192755479), (-6, 26, 7650110393867040617), (-6, 27, 8617448050465759943), (-6, 28, 14176411118817016514), (-6, 29, 17092136635193717431), (-6, 30, 17807875534838132114), (-6, 31, 2845195824786998217), (-6, 32, 9826904215345620110), (-6, 33, 11191697039932713671), (-6, 34, 14065732701298183890), (-6, 35, 5399805855026792655), (-6, 36, 13434666734202945438), (-6, 37, 16524826919359578337), (-6, 38, 11235970292659512224), (-6, 39, 15383370698582692967), (-6, 40, 11191137720438699151), (-6, 41, 4331301811559302438), (-6, 42, 13866202398959858604), (-6, 43, 5690818288991326027), (-6, 44, 16414330800086336021), (-6, 45, 5798438130964999121), (-6, 46, 4078073871110176966), (-6, 47, 8178696423182391111), (-6, 48, 15445482107950821417), (-6, 49, 7169166775559275657), (-6, 50, 18013332331743361600), (-6, 51, 9405756890739938356), (-6, 52, 3675640230355886108), (-6, 53, 577665760361716188), (-6, 54, 6140129914948249327), (-6, 55, 12467569998737655778), (-6, 56, 17277209116780190189), (-6, 57, 5236199932607768350), (-6, 58, 17152251851502036432), (-6, 59, 4993044482616225947), (-6, 60, 7618667080047859386), (-6, 61, 10413023644280919575), (-6, 62, 10997905218737063163), (-6, 63, 4345191882027885490), (-5, 0, 894523090798121717), (-5, 1, 15176769098813988752), (-5, 2, 17102097105294255663), (-5, 3, 13029401161399014435), (-5, 4, 12596237131136761035), (-5, 5, 3134121451863954930), (-5, 6, 10935220377333004761), (-5, 7, 912525424292903018), (-5, 8, 10021895984363870618), (-5, 9, 1374327809679091497), (-5, 10, 17003896037339280551), (-5, 11, 15169768957857821198), (-5, 12, 6050065152276301930), (-5, 13, 17905980990657371898), (-5, 14, 14187416360718397255), (-5, 15, 6522382972647374937), (-5, 16, 10716494007587200537), (-5, 17, 4261332822498170085), (-5, 18, 9203425598245151500), (-5, 19, 16544775059890677578), (-5, 20, 6082407516586981508), (-5, 21, 4331335534132278261), (-5, 22, 11482678980179957970), (-5, 23, 6503817132976119139), (-5, 24, 13819770345285184921), (-5, 25, 3391485665988791554), (-5, 26, 4278625647016305432), (-5, 27, 11814811889374672350), (-5, 28, 13426006845904255029), (-5, 29, 14963060689162436229), (-5, 30, 12317822705939790136), (-5, 31, 4846544482178885450), (-5, 32, 5923827604077328388), (-5, 33, 17858832206908056692), (-5, 34, 3016173898072385468), (-5, 35, 10719213643819276659), (-5, 36, 5045203866089085185), (-5, 37, 8186004605337464051), (-5, 38, 16263165563915011050), (-5, 39, 3222704668053582701), (-5, 40, 12729987897794654027), (-5, 41, 16245278912876968277), (-5, 42, 4331393228575626727), (-5, 43, 7060376437754059916), (-5, 44, 17951695555647456053), (-5, 45, 7644742350195886323), (-5, 46, 14409936165582555938), (-5, 47, 17443111412521498420), (-5, 48, 16207335951478388186), (-5, 49, 10792392947265687985), (-5, 50, 15096223142733019730), (-5, 51, 7037722494290652454), (-5, 52, 10271602336226350204), (-5, 53, 4338839319690068), (-5, 54, 11965151347407562786), (-5, 55, 476595654958639090), (-5, 56, 7314531364098195645), (-5, 57, 6752391826618335868), (-5, 58, 417072339501117944), (-5, 59, 12976951047932918299), (-5, 60, 11005446537979364783), (-5, 61, 10765535395487231588), (-5, 62, 460166942679885112), (-5, 63, 10946571752222897394), (-4, 0, 6615002980083592219), (-4, 1, 15612831523107379715), (-4, 2, 2915950404492547831), (-4, 3, 14876299611357894042), (-4, 4, 12243536510498273969), (-4, 5, 16614115557275040260), (-4, 6, 6119806368409202160), (-4, 7, 13851608020791933355), (-4, 8, 2437398088281010456), (-4, 9, 18178357727719825018), (-4, 10, 12037684150110662598), (-4, 11, 8701660387775904281), (-4, 12, 1798145292946451629), (-4, 13, 7236837239316716980), (-4, 14, 5726139777701438863), (-4, 15, 12772978011705190276), (-4, 16, 9706261254528591563), (-4, 17, 6458126837819512006), (-4, 18, 1551765022609287535), (-4, 19, 10769486415536985085), (-4, 20, 120063116562380954), (-4, 21, 12404674597814958443), (-4, 22, 3189853375391426393), (-4, 23, 1342082729143829463), (-4, 24, 8891098176833423888), (-4, 25, 869868877716488452), (-4, 26, 18366644399554407174), (-4, 27, 8444741025111416272), (-4, 28, 8181478940922066923), (-4, 29, 15591931694701269572), (-4, 30, 10152922687886812896), (-4, 31, 12131366651403051053), (-4, 32, 9929357341038233389), (-4, 33, 12664969186022468835), (-4, 34, 3823761330584695418), (-4, 35, 12792427020559658142), (-4, 36, 17621766524486871367), (-4, 37, 7250956045118179669), (-4, 38, 1744170324596164359), (-4, 39, 5232625228370447561), (-4, 40, 8634462830588401552), (-4, 41, 5308632217321726399), (-4, 42, 1544854425577267644), (-4, 43, 16506967386062896383), (-4, 44, 14421054414176000582), (-4, 45, 11755778596918484978), (-4, 46, 178642003900894669), (-4, 47, 2655527392946956950), (-4, 48, 12326133524459788099), (-4, 49, 283717241447697581), (-4, 50, 17885076862108438132), (-4, 51, 10533103069978166120), (-4, 52, 15946105389850335598), (-4, 53, 3157597214082790364), (-4, 54, 3920448306682646843), (-4, 55, 3819175766242413657), (-4, 56, 3247324673910877057), (-4, 57, 16234574429014902934), (-4, 58, 1982498393867290759), (-4, 59, 12604304551888860502), (-4, 60, 16694771760479041980), (-4, 61, 4639603108881608783), (-4, 62, 4918358270710848751), (-4, 63, 7472816888882553110), (-3, 0, 9604672575342518356), (-3, 1, 12439916397793558804), (-3, 2, 15948444683843670422), (-3, 3, 4519715377372742709), (-3, 4, 17682349659129229821), (-3, 5, 18340147093805409758), (-3, 6, 13440579114795453461), (-3, 7, 6437446793960668365), (-3, 8, 14085090886078902004), (-3, 9, 4801011636537111977), (-3, 10, 15976403157397758082), (-3, 11, 4903902784371506883), (-3, 12, 5445813136715147390), (-3, 13, 15166978789533558830), (-3, 14, 9698582422824678398), (-3, 15, 15381961315176960921), (-3, 16, 15557273243946601854), (-3, 17, 18188882123548693092), (-3, 18, 1562960211720646208), (-3, 19, 5538599339313947932), (-3, 20, 11721113566972586198), (-3, 21, 16819644915428462087), (-3, 22, 17422368598762212571), (-3, 23, 15798490560316985986), (-3, 24, 1429767886671621799), (-3, 25, 15923866918972375610), (-3, 26, 1188253250109664830), (-3, 27, 2129438282737703778), (-3, 28, 352437092853950036), (-3, 29, 4575373774426359064), (-3, 30, 14578512880068634514), (-3, 31, 8290772987071751773), (-3, 32, 6036563734643568849), (-3, 33, 9065296379670149744), (-3, 34, 8922762006999374084), (-3, 35, 10457857321813098806), (-3, 36, 10618578660523313716), (-3, 37, 8714517467667174688), (-3, 38, 10405764827183720202), (-3, 39, 2608760526896083396), (-3, 40, 18203446966955943847), (-3, 41, 17884395060186647080), (-3, 42, 4061349741808638524), (-3, 43, 16575559855758873736), (-3, 44, 14532574348474761633), (-3, 45, 15767878681320168546), (-3, 46, 15633275817296876250), (-3, 47, 18373604571172174591), (-3, 48, 8783698702869515978), (-3, 49, 11633848441789025751), (-3, 50, 11223816454720698892), (-3, 51, 6950020026231367288), (-3, 52, 2993872110109787700), (-3, 53, 15887263540737219896), (-3, 54, 11640255080516616962), (-3, 55, 13821636187983167876), (-3, 56, 6558027729841420039), (-3, 57, 9158329276149555497), (-3, 58, 2795680965782856619), (-3, 59, 3625650782008177836), (-3, 60, 17931508254440829509), (-3, 61, 7839934523554520929), (-3, 62, 14837411468542588063), (-3, 63, 8874197194024607798), (-2, 0, 8235928945568585846), (-2, 1, 7660071954934282182), (-2, 2, 501086939198951977), (-2, 3, 7956476485866892621), (-2, 4, 5380049363441774167), (-2, 5, 6973718191530319179), (-2, 6, 11599141082288857009), (-2, 7, 4060959268846746830), (-2, 8, 9490395352671301175), (-2, 9, 3379066878729992363), (-2, 10, 3729375862566914074), (-2, 11, 13723161970533114250), (-2, 12, 18437886083177647689), (-2, 13, 12586220719437079573), (-2, 14, 5223176889318353821), (-2, 15, 5193504073907265418), (-2, 16, 6597908502880219061), (-2, 17, 6213965175376071210), (-2, 18, 2307481549286826046), (-2, 19, 11721130990822730622), (-2, 20, 16400403925661461416), (-2, 21, 16897125800256156671), (-2, 22, 5132873012221745752), (-2, 23, 3850218630455908716), (-2, 24, 16757751934335735518), (-2, 25, 14924415276290819571), (-2, 26, 16108815250110426552), (-2, 27, 16689575542883497955), (-2, 28, 1486217913845977932), (-2, 29, 6265620744562997610), (-2, 30, 15494058540203253272), (-2, 31, 3163842422057943076), (-2, 32, 16825040593592250276), (-2, 33, 13929218478465591675), (-2, 34, 17253019885525002473), (-2, 35, 10011474349245472120), (-2, 36, 6844516575824523074), (-2, 37, 4096474470320056732), (-2, 38, 6871888750633290447), (-2, 39, 2987676935551998234), (-2, 40, 5971022467623237416), (-2, 41, 11123428189303137094), (-2, 42, 2483339848640694016), (-2, 43, 18030903223393279246), (-2, 44, 12948447705633408052), (-2, 45, 5974353663707171260), (-2, 46, 4487944781503497519), (-2, 47, 15975902761196258789), (-2, 48, 17219413254670274222), (-2, 49, 15721353350026668467), (-2, 50, 84637857080269856), (-2, 51, 4577357522732152728), (-2, 52, 6264951753170043767), (-2, 53, 17655858132069919793), (-2, 54, 13762552314544681001), (-2, 55, 249801946507972233), (-2, 56, 18006088891795116756), (-2, 57, 7242166941480729585), (-2, 58, 6514535422610896326), (-2, 59, 2829851397874160557), (-2, 60, 4537797713369564618), (-2, 61, 16418596001821803841), (-2, 62, 5199096639868750987), (-2, 63, 16889667203767670226), (-1, 0, 5877159936779118457), (-1, 1, 9024253487762332151), (-1, 2, 7807393052881685124), (-1, 3, 14402016552654737553), (-1, 4, 3142798128869180656), (-1, 5, 14729594904728550905), (-1, 6, 17084337921884986562), (-1, 7, 1622902167523855739), (-1, 8, 13289315948767363745), (-1, 9, 5904853916224235108), (-1, 10, 9323703900359197224), (-1, 11, 14456254953940820780), (-1, 12, 7247550470917904234), (-1, 13, 7569581944817303620), (-1, 14, 11077652436800063172), (-1, 15, 12540263034104257865), (-1, 16, 12876052485509484851), (-1, 17, 10096024717317903825), (-1, 18, 14600739464625641914), (-1, 19, 8219261228516959369), (-1, 20, 12808777447917956864), (-1, 21, 12043913193186439518), (-1, 22, 2814001627562258364), (-1, 23, 6019290693441302755), (-1, 24, 3106508549162445890), (-1, 25, 1363596258326145434), (-1, 26, 12265875459959088841), (-1, 27, 16858753231948767556), (-1, 28, 10113097925876661382), (-1, 29, 13133879949199597951), (-1, 30, 9096376471026011005), (-1, 31, 9397020009212149803), (-1, 32, 6184906755976184555), (-1, 33, 907772417331668910), (-1, 34, 4806071818744130401), (-1, 35, 5156619848999507959), (-1, 36, 17006352829387487768), (-1, 37, 17135305891317092204), (-1, 38, 16323485326193749618), (-1, 39, 18222373639029103150), (-1, 40, 1780690247602887322), (-1, 41, 12279024204446827183), (-1, 42, 18431779410070191466), (-1, 43, 1240556729599690896), (-1, 44, 2298992865992223105), (-1, 45, 16428583930700813970), (-1, 46, 8729645108432276415), (-1, 47, 2898090036981313128), (-1, 48, 1052275397804853556), (-1, 49, 1126816474633752870), (-1, 50, 16396986646425365508), (-1, 51, 9213586645544890076), (-1, 52, 9897412294347563265), (-1, 53, 3048561263801374211), (-1, 54, 16819344110511439343), (-1, 55, 4890438805150042452), (-1, 56, 18308297410056838726), (-1, 57, 6903963892606453626), (-1, 58, 8577418362332185972), (-1, 59, 9397234801775979134), (-1, 60, 3664994549502534314), (-1, 61, 18299959949358343919), (-1, 62, 14313223850513645410), (-1, 63, 6900508834427117724);

DROP TABLE IF EXISTS zobrist_misc;

CREATE TABLE zobrist_misc (type VARCHAR, idx TINYINT, val UBIGINT);

INSERT INTO zobrist_misc VALUES 
        ('turn', 0, 8155970871302976989),
        ('castle', 0, 6710448349299099254),
        ('castle', 1, 14168550579814544250),
        ('castle', 2, 15732757031751495068),
        ('castle', 3, 15606479851946208711);

DROP TABLE IF EXISTS squares;

CREATE TABLE squares (i TINYINT PRIMARY KEY);

INSERT INTO squares SELECT CAST(i AS TINYINT) FROM generate_series(0, 63) AS t(i);

DROP SEQUENCE IF EXISTS seq_search_tree_id;

CREATE SEQUENCE seq_search_tree_id START WITH 1;

DROP TABLE IF EXISTS mobility_precomputed;

CREATE TABLE mobility_precomputed (piece TINYINT, from_sq TINYINT, target_sq TINYINT, ray_mask UBIGINT);

CREATE INDEX idx_mobility_target ON mobility_precomputed(target_sq);

CREATE INDEX idx_mobility_from_piece ON mobility_precomputed(piece, from_sq);

DROP TABLE IF EXISTS attacks_precomputed;

CREATE TABLE attacks_precomputed (square TINYINT PRIMARY KEY, knight_mask UBIGINT, king_mask UBIGINT, white_pawn_mask UBIGINT, black_pawn_mask UBIGINT);

-- =========================================================
-- GENERATED PRECOMPUTED TABLES
-- =========================================================

INSERT INTO mobility_precomputed (piece, from_sq, target_sq, ray_mask) VALUES
    (2, 0, 17, 0),
    (2, 0, 10, 0),
    (6, 0, 9, 0),
    (6, 0, 1, 0),
    (6, 0, 8, 0),
    (3, 0, 9, 0),
    (3, 0, 18, 512),
    (3, 0, 27, 262656),
    (3, 0, 36, 134480384),
    (3, 0, 45, 68853957120),
    (3, 0, 54, 35253226045952),
    (3, 0, 63, 18049651735527936),
    (4, 0, 1, 0),
    (4, 0, 2, 2),
    (4, 0, 3, 6),
    (4, 0, 4, 14),
    (4, 0, 5, 30),
    (4, 0, 6, 62),
    (4, 0, 7, 126),
    (4, 0, 8, 0),
    (4, 0, 16, 256),
    (4, 0, 24, 65792),
    (4, 0, 32, 16843008),
    (4, 0, 40, 4311810304),
    (4, 0, 48, 1103823438080),
    (4, 0, 56, 282578800148736),
    (5, 0, 9, 0),
    (5, 0, 18, 512),
    (5, 0, 27, 262656),
    (5, 0, 36, 134480384),
    (5, 0, 45, 68853957120),
    (5, 0, 54, 35253226045952),
    (5, 0, 63, 18049651735527936),
    (5, 0, 1, 0),
    (5, 0, 2, 2),
    (5, 0, 3, 6),
    (5, 0, 4, 14),
    (5, 0, 5, 30),
    (5, 0, 6, 62),
    (5, 0, 7, 126),
    (5, 0, 8, 0),
    (5, 0, 16, 256),
    (5, 0, 24, 65792),
    (5, 0, 32, 16843008),
    (5, 0, 40, 4311810304),
    (5, 0, 48, 1103823438080),
    (5, 0, 56, 282578800148736),
    (2, 1, 18, 0),
    (2, 1, 16, 0),
    (2, 1, 11, 0),
    (6, 1, 10, 0),
    (6, 1, 8, 0),
    (6, 1, 2, 0),
    (6, 1, 0, 0),
    (6, 1, 9, 0),
    (3, 1, 10, 0),
    (3, 1, 19, 1024),
    (3, 1, 28, 525312),
    (3, 1, 37, 268960768),
    (3, 1, 46, 137707914240),
    (3, 1, 55, 70506452091904),
    (3, 1, 8, 0),
    (4, 1, 2, 0),
    (4, 1, 3, 4),
    (4, 1, 4, 12),
    (4, 1, 5, 28),
    (4, 1, 6, 60),
    (4, 1, 7, 124),
    (4, 1, 0, 0),
    (4, 1, 9, 0),
    (4, 1, 17, 512),
    (4, 1, 25, 131584),
    (4, 1, 33, 33686016),
    (4, 1, 41, 8623620608),
    (4, 1, 49, 2207646876160),
    (4, 1, 57, 565157600297472),
    (5, 1, 10, 0),
    (5, 1, 19, 1024),
    (5, 1, 28, 525312),
    (5, 1, 37, 268960768),
    (5, 1, 46, 137707914240),
    (5, 1, 55, 70506452091904),
    (5, 1, 8, 0),
    (5, 1, 2, 0),
    (5, 1, 3, 4),
    (5, 1, 4, 12),
    (5, 1, 5, 28),
    (5, 1, 6, 60),
    (5, 1, 7, 124),
    (5, 1, 0, 0),
    (5, 1, 9, 0),
    (5, 1, 17, 512),
    (5, 1, 25, 131584),
    (5, 1, 33, 33686016),
    (5, 1, 41, 8623620608),
    (5, 1, 49, 2207646876160),
    (5, 1, 57, 565157600297472),
    (2, 2, 19, 0),
    (2, 2, 17, 0),
    (2, 2, 12, 0),
    (2, 2, 8, 0),
    (6, 2, 11, 0),
    (6, 2, 9, 0),
    (6, 2, 3, 0),
    (6, 2, 1, 0),
    (6, 2, 10, 0),
    (3, 2, 11, 0),
    (3, 2, 20, 2048),
    (3, 2, 29, 1050624),
    (3, 2, 38, 537921536),
    (3, 2, 47, 275415828480),
    (3, 2, 9, 0),
    (3, 2, 16, 512),
    (4, 2, 3, 0),
    (4, 2, 4, 8),
    (4, 2, 5, 24),
    (4, 2, 6, 56),
    (4, 2, 7, 120),
    (4, 2, 1, 0),
    (4, 2, 0, 2),
    (4, 2, 10, 0),
    (4, 2, 18, 1024),
    (4, 2, 26, 263168),
    (4, 2, 34, 67372032),
    (4, 2, 42, 17247241216),
    (4, 2, 50, 4415293752320),
    (4, 2, 58, 1130315200594944),
    (5, 2, 11, 0),
    (5, 2, 20, 2048),
    (5, 2, 29, 1050624),
    (5, 2, 38, 537921536),
    (5, 2, 47, 275415828480),
    (5, 2, 9, 0),
    (5, 2, 16, 512),
    (5, 2, 3, 0),
    (5, 2, 4, 8),
    (5, 2, 5, 24),
    (5, 2, 6, 56),
    (5, 2, 7, 120),
    (5, 2, 1, 0),
    (5, 2, 0, 2),
    (5, 2, 10, 0),
    (5, 2, 18, 1024),
    (5, 2, 26, 263168),
    (5, 2, 34, 67372032),
    (5, 2, 42, 17247241216),
    (5, 2, 50, 4415293752320),
    (5, 2, 58, 1130315200594944),
    (2, 3, 20, 0),
    (2, 3, 18, 0),
    (2, 3, 13, 0),
    (2, 3, 9, 0),
    (6, 3, 12, 0),
    (6, 3, 10, 0),
    (6, 3, 4, 0),
    (6, 3, 2, 0),
    (6, 3, 11, 0),
    (3, 3, 12, 0),
    (3, 3, 21, 4096),
    (3, 3, 30, 2101248),
    (3, 3, 39, 1075843072),
    (3, 3, 10, 0),
    (3, 3, 17, 1024),
    (3, 3, 24, 132096),
    (4, 3, 4, 0),
    (4, 3, 5, 16),
    (4, 3, 6, 48),
    (4, 3, 7, 112),
    (4, 3, 2, 0),
    (4, 3, 1, 4),
    (4, 3, 0, 6),
    (4, 3, 11, 0),
    (4, 3, 19, 2048),
    (4, 3, 27, 526336),
    (4, 3, 35, 134744064),
    (4, 3, 43, 34494482432),
    (4, 3, 51, 8830587504640),
    (4, 3, 59, 2260630401189888),
    (5, 3, 12, 0),
    (5, 3, 21, 4096),
    (5, 3, 30, 2101248),
    (5, 3, 39, 1075843072),
    (5, 3, 10, 0),
    (5, 3, 17, 1024),
    (5, 3, 24, 132096),
    (5, 3, 4, 0),
    (5, 3, 5, 16),
    (5, 3, 6, 48),
    (5, 3, 7, 112),
    (5, 3, 2, 0),
    (5, 3, 1, 4),
    (5, 3, 0, 6),
    (5, 3, 11, 0),
    (5, 3, 19, 2048),
    (5, 3, 27, 526336),
    (5, 3, 35, 134744064),
    (5, 3, 43, 34494482432),
    (5, 3, 51, 8830587504640),
    (5, 3, 59, 2260630401189888),
    (2, 4, 21, 0),
    (2, 4, 19, 0),
    (2, 4, 14, 0),
    (2, 4, 10, 0),
    (6, 4, 13, 0),
    (6, 4, 11, 0),
    (6, 4, 5, 0),
    (6, 4, 3, 0),
    (6, 4, 12, 0),
    (3, 4, 13, 0),
    (3, 4, 22, 8192),
    (3, 4, 31, 4202496),
    (3, 4, 11, 0),
    (3, 4, 18, 2048),
    (3, 4, 25, 264192),
    (3, 4, 32, 33818624),
    (4, 4, 5, 0),
    (4, 4, 6, 32),
    (4, 4, 7, 96),
    (4, 4, 3, 0),
    (4, 4, 2, 8),
    (4, 4, 1, 12),
    (4, 4, 0, 14),
    (4, 4, 12, 0),
    (4, 4, 20, 4096),
    (4, 4, 28, 1052672),
    (4, 4, 36, 269488128),
    (4, 4, 44, 68988964864),
    (4, 4, 52, 17661175009280),
    (4, 4, 60, 4521260802379776),
    (5, 4, 13, 0),
    (5, 4, 22, 8192),
    (5, 4, 31, 4202496),
    (5, 4, 11, 0),
    (5, 4, 18, 2048),
    (5, 4, 25, 264192),
    (5, 4, 32, 33818624),
    (5, 4, 5, 0),
    (5, 4, 6, 32),
    (5, 4, 7, 96),
    (5, 4, 3, 0),
    (5, 4, 2, 8),
    (5, 4, 1, 12),
    (5, 4, 0, 14),
    (5, 4, 12, 0),
    (5, 4, 20, 4096),
    (5, 4, 28, 1052672),
    (5, 4, 36, 269488128),
    (5, 4, 44, 68988964864),
    (5, 4, 52, 17661175009280),
    (5, 4, 60, 4521260802379776),
    (2, 5, 22, 0),
    (2, 5, 20, 0),
    (2, 5, 15, 0),
    (2, 5, 11, 0),
    (6, 5, 14, 0),
    (6, 5, 12, 0),
    (6, 5, 6, 0),
    (6, 5, 4, 0),
    (6, 5, 13, 0),
    (3, 5, 14, 0),
    (3, 5, 23, 16384),
    (3, 5, 12, 0),
    (3, 5, 19, 4096),
    (3, 5, 26, 528384),
    (3, 5, 33, 67637248),
    (3, 5, 40, 8657571840),
    (4, 5, 6, 0),
    (4, 5, 7, 64),
    (4, 5, 4, 0),
    (4, 5, 3, 16),
    (4, 5, 2, 24),
    (4, 5, 1, 28),
    (4, 5, 0, 30),
    (4, 5, 13, 0),
    (4, 5, 21, 8192),
    (4, 5, 29, 2105344),
    (4, 5, 37, 538976256),
    (4, 5, 45, 137977929728),
    (4, 5, 53, 35322350018560),
    (4, 5, 61, 9042521604759552),
    (5, 5, 14, 0),
    (5, 5, 23, 16384),
    (5, 5, 12, 0),
    (5, 5, 19, 4096),
    (5, 5, 26, 528384),
    (5, 5, 33, 67637248),
    (5, 5, 40, 8657571840),
    (5, 5, 6, 0),
    (5, 5, 7, 64),
    (5, 5, 4, 0),
    (5, 5, 3, 16),
    (5, 5, 2, 24),
    (5, 5, 1, 28),
    (5, 5, 0, 30),
    (5, 5, 13, 0),
    (5, 5, 21, 8192),
    (5, 5, 29, 2105344),
    (5, 5, 37, 538976256),
    (5, 5, 45, 137977929728),
    (5, 5, 53, 35322350018560),
    (5, 5, 61, 9042521604759552),
    (2, 6, 23, 0),
    (2, 6, 21, 0),
    (2, 6, 12, 0),
    (6, 6, 15, 0),
    (6, 6, 13, 0),
    (6, 6, 7, 0),
    (6, 6, 5, 0),
    (6, 6, 14, 0),
    (3, 6, 15, 0),
    (3, 6, 13, 0),
    (3, 6, 20, 8192),
    (3, 6, 27, 1056768),
    (3, 6, 34, 135274496),
    (3, 6, 41, 17315143680),
    (3, 6, 48, 2216338399232),
    (4, 6, 7, 0),
    (4, 6, 5, 0),
    (4, 6, 4, 32),
    (4, 6, 3, 48),
    (4, 6, 2, 56),
    (4, 6, 1, 60),
    (4, 6, 0, 62),
    (4, 6, 14, 0),
    (4, 6, 22, 16384),
    (4, 6, 30, 4210688),
    (4, 6, 38, 1077952512),
    (4, 6, 46, 275955859456),
    (4, 6, 54, 70644700037120),
    (4, 6, 62, 18085043209519104),
    (5, 6, 15, 0),
    (5, 6, 13, 0),
    (5, 6, 20, 8192),
    (5, 6, 27, 1056768),
    (5, 6, 34, 135274496),
    (5, 6, 41, 17315143680),
    (5, 6, 48, 2216338399232),
    (5, 6, 7, 0),
    (5, 6, 5, 0),
    (5, 6, 4, 32),
    (5, 6, 3, 48),
    (5, 6, 2, 56),
    (5, 6, 1, 60),
    (5, 6, 0, 62),
    (5, 6, 14, 0),
    (5, 6, 22, 16384),
    (5, 6, 30, 4210688),
    (5, 6, 38, 1077952512),
    (5, 6, 46, 275955859456),
    (5, 6, 54, 70644700037120),
    (5, 6, 62, 18085043209519104),
    (2, 7, 22, 0),
    (2, 7, 13, 0),
    (6, 7, 14, 0),
    (6, 7, 6, 0),
    (6, 7, 15, 0),
    (3, 7, 14, 0),
    (3, 7, 21, 16384),
    (3, 7, 28, 2113536),
    (3, 7, 35, 270548992),
    (3, 7, 42, 34630287360),
    (3, 7, 49, 4432676798464),
    (3, 7, 56, 567382630219776),
    (4, 7, 6, 0),
    (4, 7, 5, 64),
    (4, 7, 4, 96),
    (4, 7, 3, 112),
    (4, 7, 2, 120),
    (4, 7, 1, 124),
    (4, 7, 0, 126),
    (4, 7, 15, 0),
    (4, 7, 23, 32768),
    (4, 7, 31, 8421376),
    (4, 7, 39, 2155905024),
    (4, 7, 47, 551911718912),
    (4, 7, 55, 141289400074240),
    (4, 7, 63, 36170086419038208),
    (5, 7, 14, 0),
    (5, 7, 21, 16384),
    (5, 7, 28, 2113536),
    (5, 7, 35, 270548992),
    (5, 7, 42, 34630287360),
    (5, 7, 49, 4432676798464),
    (5, 7, 56, 567382630219776),
    (5, 7, 6, 0),
    (5, 7, 5, 64),
    (5, 7, 4, 96),
    (5, 7, 3, 112),
    (5, 7, 2, 120),
    (5, 7, 1, 124),
    (5, 7, 0, 126),
    (5, 7, 15, 0),
    (5, 7, 23, 32768),
    (5, 7, 31, 8421376),
    (5, 7, 39, 2155905024),
    (5, 7, 47, 551911718912),
    (5, 7, 55, 141289400074240),
    (5, 7, 63, 36170086419038208),
    (2, 8, 25, 0),
    (2, 8, 18, 0),
    (2, 8, 2, 0),
    (6, 8, 17, 0),
    (6, 8, 1, 0),
    (6, 8, 9, 0),
    (6, 8, 16, 0),
    (6, 8, 0, 0),
    (3, 8, 17, 0),
    (3, 8, 26, 131072),
    (3, 8, 35, 67239936),
    (3, 8, 44, 34426978304),
    (3, 8, 53, 17626613022720),
    (3, 8, 62, 9024825867763712),
    (3, 8, 1, 0),
    (4, 8, 9, 0),
    (4, 8, 10, 512),
    (4, 8, 11, 1536),
    (4, 8, 12, 3584),
    (4, 8, 13, 7680),
    (4, 8, 14, 15872),
    (4, 8, 15, 32256),
    (4, 8, 16, 0),
    (4, 8, 24, 65536),
    (4, 8, 32, 16842752),
    (4, 8, 40, 4311810048),
    (4, 8, 48, 1103823437824),
    (4, 8, 56, 282578800148480),
    (4, 8, 0, 0),
    (5, 8, 17, 0),
    (5, 8, 26, 131072),
    (5, 8, 35, 67239936),
    (5, 8, 44, 34426978304),
    (5, 8, 53, 17626613022720),
    (5, 8, 62, 9024825867763712),
    (5, 8, 1, 0),
    (5, 8, 9, 0),
    (5, 8, 10, 512),
    (5, 8, 11, 1536),
    (5, 8, 12, 3584),
    (5, 8, 13, 7680),
    (5, 8, 14, 15872),
    (5, 8, 15, 32256),
    (5, 8, 16, 0),
    (5, 8, 24, 65536),
    (5, 8, 32, 16842752),
    (5, 8, 40, 4311810048),
    (5, 8, 48, 1103823437824),
    (5, 8, 56, 282578800148480),
    (5, 8, 0, 0),
    (2, 9, 26, 0),
    (2, 9, 24, 0),
    (2, 9, 19, 0),
    (2, 9, 3, 0),
    (6, 9, 18, 0),
    (6, 9, 16, 0),
    (6, 9, 2, 0),
    (6, 9, 0, 0),
    (6, 9, 10, 0),
    (6, 9, 8, 0),
    (6, 9, 17, 0),
    (6, 9, 1, 0),
    (3, 9, 18, 0),
    (3, 9, 27, 262144),
    (3, 9, 36, 134479872),
    (3, 9, 45, 68853956608),
    (3, 9, 54, 35253226045440),
    (3, 9, 63, 18049651735527424),
    (3, 9, 16, 0),
    (3, 9, 2, 0),
    (3, 9, 0, 0),
    (4, 9, 10, 0),
    (4, 9, 11, 1024),
    (4, 9, 12, 3072),
    (4, 9, 13, 7168),
    (4, 9, 14, 15360),
    (4, 9, 15, 31744),
    (4, 9, 8, 0),
    (4, 9, 17, 0),
    (4, 9, 25, 131072),
    (4, 9, 33, 33685504),
    (4, 9, 41, 8623620096),
    (4, 9, 49, 2207646875648),
    (4, 9, 57, 565157600296960),
    (4, 9, 1, 0),
    (5, 9, 18, 0),
    (5, 9, 27, 262144),
    (5, 9, 36, 134479872),
    (5, 9, 45, 68853956608),
    (5, 9, 54, 35253226045440),
    (5, 9, 63, 18049651735527424),
    (5, 9, 16, 0),
    (5, 9, 2, 0),
    (5, 9, 0, 0),
    (5, 9, 10, 0),
    (5, 9, 11, 1024),
    (5, 9, 12, 3072),
    (5, 9, 13, 7168),
    (5, 9, 14, 15360),
    (5, 9, 15, 31744),
    (5, 9, 8, 0),
    (5, 9, 17, 0),
    (5, 9, 25, 131072),
    (5, 9, 33, 33685504),
    (5, 9, 41, 8623620096),
    (5, 9, 49, 2207646875648),
    (5, 9, 57, 565157600296960),
    (5, 9, 1, 0),
    (2, 10, 27, 0),
    (2, 10, 25, 0),
    (2, 10, 20, 0),
    (2, 10, 16, 0),
    (2, 10, 4, 0),
    (2, 10, 0, 0),
    (6, 10, 19, 0),
    (6, 10, 17, 0),
    (6, 10, 3, 0),
    (6, 10, 1, 0),
    (6, 10, 11, 0),
    (6, 10, 9, 0),
    (6, 10, 18, 0),
    (6, 10, 2, 0),
    (3, 10, 19, 0),
    (3, 10, 28, 524288),
    (3, 10, 37, 268959744),
    (3, 10, 46, 137707913216),
    (3, 10, 55, 70506452090880),
    (3, 10, 17, 0),
    (3, 10, 24, 131072),
    (3, 10, 3, 0),
    (3, 10, 1, 0),
    (4, 10, 11, 0),
    (4, 10, 12, 2048),
    (4, 10, 13, 6144),
    (4, 10, 14, 14336),
    (4, 10, 15, 30720),
    (4, 10, 9, 0),
    (4, 10, 8, 512),
    (4, 10, 18, 0),
    (4, 10, 26, 262144),
    (4, 10, 34, 67371008),
    (4, 10, 42, 17247240192),
    (4, 10, 50, 4415293751296),
    (4, 10, 58, 1130315200593920),
    (4, 10, 2, 0),
    (5, 10, 19, 0),
    (5, 10, 28, 524288),
    (5, 10, 37, 268959744),
    (5, 10, 46, 137707913216),
    (5, 10, 55, 70506452090880),
    (5, 10, 17, 0),
    (5, 10, 24, 131072),
    (5, 10, 3, 0),
    (5, 10, 1, 0),
    (5, 10, 11, 0),
    (5, 10, 12, 2048),
    (5, 10, 13, 6144),
    (5, 10, 14, 14336),
    (5, 10, 15, 30720),
    (5, 10, 9, 0),
    (5, 10, 8, 512),
    (5, 10, 18, 0),
    (5, 10, 26, 262144),
    (5, 10, 34, 67371008),
    (5, 10, 42, 17247240192),
    (5, 10, 50, 4415293751296),
    (5, 10, 58, 1130315200593920),
    (5, 10, 2, 0),
    (2, 11, 28, 0),
    (2, 11, 26, 0),
    (2, 11, 21, 0),
    (2, 11, 17, 0),
    (2, 11, 5, 0),
    (2, 11, 1, 0),
    (6, 11, 20, 0),
    (6, 11, 18, 0),
    (6, 11, 4, 0),
    (6, 11, 2, 0),
    (6, 11, 12, 0),
    (6, 11, 10, 0),
    (6, 11, 19, 0),
    (6, 11, 3, 0),
    (3, 11, 20, 0),
    (3, 11, 29, 1048576),
    (3, 11, 38, 537919488),
    (3, 11, 47, 275415826432),
    (3, 11, 18, 0),
    (3, 11, 25, 262144),
    (3, 11, 32, 33816576),
    (3, 11, 4, 0),
    (3, 11, 2, 0),
    (4, 11, 12, 0),
    (4, 11, 13, 4096),
    (4, 11, 14, 12288),
    (4, 11, 15, 28672),
    (4, 11, 10, 0),
    (4, 11, 9, 1024),
    (4, 11, 8, 1536),
    (4, 11, 19, 0),
    (4, 11, 27, 524288),
    (4, 11, 35, 134742016),
    (4, 11, 43, 34494480384),
    (4, 11, 51, 8830587502592),
    (4, 11, 59, 2260630401187840),
    (4, 11, 3, 0),
    (5, 11, 20, 0),
    (5, 11, 29, 1048576),
    (5, 11, 38, 537919488),
    (5, 11, 47, 275415826432),
    (5, 11, 18, 0),
    (5, 11, 25, 262144),
    (5, 11, 32, 33816576),
    (5, 11, 4, 0),
    (5, 11, 2, 0),
    (5, 11, 12, 0),
    (5, 11, 13, 4096),
    (5, 11, 14, 12288),
    (5, 11, 15, 28672),
    (5, 11, 10, 0),
    (5, 11, 9, 1024),
    (5, 11, 8, 1536),
    (5, 11, 19, 0),
    (5, 11, 27, 524288),
    (5, 11, 35, 134742016),
    (5, 11, 43, 34494480384),
    (5, 11, 51, 8830587502592),
    (5, 11, 59, 2260630401187840),
    (5, 11, 3, 0),
    (2, 12, 29, 0),
    (2, 12, 27, 0),
    (2, 12, 22, 0),
    (2, 12, 18, 0),
    (2, 12, 6, 0),
    (2, 12, 2, 0),
    (6, 12, 21, 0),
    (6, 12, 19, 0),
    (6, 12, 5, 0),
    (6, 12, 3, 0),
    (6, 12, 13, 0),
    (6, 12, 11, 0),
    (6, 12, 20, 0),
    (6, 12, 4, 0),
    (3, 12, 21, 0),
    (3, 12, 30, 2097152),
    (3, 12, 39, 1075838976),
    (3, 12, 19, 0),
    (3, 12, 26, 524288),
    (3, 12, 33, 67633152),
    (3, 12, 40, 8657567744),
    (3, 12, 5, 0),
    (3, 12, 3, 0),
    (4, 12, 13, 0),
    (4, 12, 14, 8192),
    (4, 12, 15, 24576),
    (4, 12, 11, 0),
    (4, 12, 10, 2048),
    (4, 12, 9, 3072),
    (4, 12, 8, 3584),
    (4, 12, 20, 0),
    (4, 12, 28, 1048576),
    (4, 12, 36, 269484032),
    (4, 12, 44, 68988960768),
    (4, 12, 52, 17661175005184),
    (4, 12, 60, 4521260802375680),
    (4, 12, 4, 0),
    (5, 12, 21, 0),
    (5, 12, 30, 2097152),
    (5, 12, 39, 1075838976),
    (5, 12, 19, 0),
    (5, 12, 26, 524288),
    (5, 12, 33, 67633152),
    (5, 12, 40, 8657567744),
    (5, 12, 5, 0),
    (5, 12, 3, 0),
    (5, 12, 13, 0),
    (5, 12, 14, 8192),
    (5, 12, 15, 24576),
    (5, 12, 11, 0),
    (5, 12, 10, 2048),
    (5, 12, 9, 3072),
    (5, 12, 8, 3584),
    (5, 12, 20, 0),
    (5, 12, 28, 1048576),
    (5, 12, 36, 269484032),
    (5, 12, 44, 68988960768),
    (5, 12, 52, 17661175005184),
    (5, 12, 60, 4521260802375680),
    (5, 12, 4, 0),
    (2, 13, 30, 0),
    (2, 13, 28, 0),
    (2, 13, 23, 0),
    (2, 13, 19, 0),
    (2, 13, 7, 0),
    (2, 13, 3, 0),
    (6, 13, 22, 0),
    (6, 13, 20, 0),
    (6, 13, 6, 0),
    (6, 13, 4, 0),
    (6, 13, 14, 0),
    (6, 13, 12, 0),
    (6, 13, 21, 0),
    (6, 13, 5, 0),
    (3, 13, 22, 0),
    (3, 13, 31, 4194304),
    (3, 13, 20, 0),
    (3, 13, 27, 1048576),
    (3, 13, 34, 135266304),
    (3, 13, 41, 17315135488),
    (3, 13, 48, 2216338391040),
    (3, 13, 6, 0),
    (3, 13, 4, 0),
    (4, 13, 14, 0),
    (4, 13, 15, 16384),
    (4, 13, 12, 0),
    (4, 13, 11, 4096),
    (4, 13, 10, 6144),
    (4, 13, 9, 7168),
    (4, 13, 8, 7680),
    (4, 13, 21, 0),
    (4, 13, 29, 2097152),
    (4, 13, 37, 538968064),
    (4, 13, 45, 137977921536),
    (4, 13, 53, 35322350010368),
    (4, 13, 61, 9042521604751360),
    (4, 13, 5, 0),
    (5, 13, 22, 0),
    (5, 13, 31, 4194304),
    (5, 13, 20, 0),
    (5, 13, 27, 1048576),
    (5, 13, 34, 135266304),
    (5, 13, 41, 17315135488),
    (5, 13, 48, 2216338391040),
    (5, 13, 6, 0),
    (5, 13, 4, 0),
    (5, 13, 14, 0),
    (5, 13, 15, 16384),
    (5, 13, 12, 0),
    (5, 13, 11, 4096),
    (5, 13, 10, 6144),
    (5, 13, 9, 7168),
    (5, 13, 8, 7680),
    (5, 13, 21, 0),
    (5, 13, 29, 2097152),
    (5, 13, 37, 538968064),
    (5, 13, 45, 137977921536),
    (5, 13, 53, 35322350010368),
    (5, 13, 61, 9042521604751360),
    (5, 13, 5, 0),
    (2, 14, 31, 0),
    (2, 14, 29, 0),
    (2, 14, 20, 0),
    (2, 14, 4, 0),
    (6, 14, 23, 0),
    (6, 14, 21, 0),
    (6, 14, 7, 0),
    (6, 14, 5, 0),
    (6, 14, 15, 0),
    (6, 14, 13, 0),
    (6, 14, 22, 0),
    (6, 14, 6, 0),
    (3, 14, 23, 0),
    (3, 14, 21, 0),
    (3, 14, 28, 2097152),
    (3, 14, 35, 270532608),
    (3, 14, 42, 34630270976),
    (3, 14, 49, 4432676782080),
    (3, 14, 56, 567382630203392),
    (3, 14, 7, 0),
    (3, 14, 5, 0),
    (4, 14, 15, 0),
    (4, 14, 13, 0),
    (4, 14, 12, 8192),
    (4, 14, 11, 12288),
    (4, 14, 10, 14336),
    (4, 14, 9, 15360),
    (4, 14, 8, 15872),
    (4, 14, 22, 0),
    (4, 14, 30, 4194304),
    (4, 14, 38, 1077936128),
    (4, 14, 46, 275955843072),
    (4, 14, 54, 70644700020736),
    (4, 14, 62, 18085043209502720),
    (4, 14, 6, 0),
    (5, 14, 23, 0),
    (5, 14, 21, 0),
    (5, 14, 28, 2097152),
    (5, 14, 35, 270532608),
    (5, 14, 42, 34630270976),
    (5, 14, 49, 4432676782080),
    (5, 14, 56, 567382630203392),
    (5, 14, 7, 0),
    (5, 14, 5, 0),
    (5, 14, 15, 0),
    (5, 14, 13, 0),
    (5, 14, 12, 8192),
    (5, 14, 11, 12288),
    (5, 14, 10, 14336),
    (5, 14, 9, 15360),
    (5, 14, 8, 15872),
    (5, 14, 22, 0),
    (5, 14, 30, 4194304),
    (5, 14, 38, 1077936128),
    (5, 14, 46, 275955843072),
    (5, 14, 54, 70644700020736),
    (5, 14, 62, 18085043209502720),
    (5, 14, 6, 0),
    (2, 15, 30, 0),
    (2, 15, 21, 0),
    (2, 15, 5, 0),
    (6, 15, 22, 0),
    (6, 15, 6, 0),
    (6, 15, 14, 0),
    (6, 15, 23, 0),
    (6, 15, 7, 0),
    (3, 15, 22, 0),
    (3, 15, 29, 4194304),
    (3, 15, 36, 541065216),
    (3, 15, 43, 69260541952),
    (3, 15, 50, 8865353564160),
    (3, 15, 57, 1134765260406784),
    (3, 15, 6, 0),
    (4, 15, 14, 0),
    (4, 15, 13, 16384),
    (4, 15, 12, 24576),
    (4, 15, 11, 28672),
    (4, 15, 10, 30720),
    (4, 15, 9, 31744),
    (4, 15, 8, 32256),
    (4, 15, 23, 0),
    (4, 15, 31, 8388608),
    (4, 15, 39, 2155872256),
    (4, 15, 47, 551911686144),
    (4, 15, 55, 141289400041472),
    (4, 15, 63, 36170086419005440),
    (4, 15, 7, 0),
    (5, 15, 22, 0),
    (5, 15, 29, 4194304),
    (5, 15, 36, 541065216),
    (5, 15, 43, 69260541952),
    (5, 15, 50, 8865353564160),
    (5, 15, 57, 1134765260406784),
    (5, 15, 6, 0),
    (5, 15, 14, 0),
    (5, 15, 13, 16384),
    (5, 15, 12, 24576),
    (5, 15, 11, 28672),
    (5, 15, 10, 30720),
    (5, 15, 9, 31744),
    (5, 15, 8, 32256),
    (5, 15, 23, 0),
    (5, 15, 31, 8388608),
    (5, 15, 39, 2155872256),
    (5, 15, 47, 551911686144),
    (5, 15, 55, 141289400041472),
    (5, 15, 63, 36170086419005440),
    (5, 15, 7, 0),
    (2, 16, 33, 0),
    (2, 16, 1, 0),
    (2, 16, 26, 0),
    (2, 16, 10, 0),
    (6, 16, 25, 0),
    (6, 16, 9, 0),
    (6, 16, 17, 0),
    (6, 16, 24, 0),
    (6, 16, 8, 0),
    (3, 16, 25, 0),
    (3, 16, 34, 33554432),
    (3, 16, 43, 17213423616),
    (3, 16, 52, 8813306445824),
    (3, 16, 61, 4512412933816320),
    (3, 16, 9, 0),
    (3, 16, 2, 512),
    (4, 16, 17, 0),
    (4, 16, 18, 131072),
    (4, 16, 19, 393216),
    (4, 16, 20, 917504),
    (4, 16, 21, 1966080),
    (4, 16, 22, 4063232),
    (4, 16, 23, 8257536),
    (4, 16, 24, 0),
    (4, 16, 32, 16777216),
    (4, 16, 40, 4311744512),
    (4, 16, 48, 1103823372288),
    (4, 16, 56, 282578800082944),
    (4, 16, 8, 0),
    (4, 16, 0, 256),
    (5, 16, 25, 0),
    (5, 16, 34, 33554432),
    (5, 16, 43, 17213423616),
    (5, 16, 52, 8813306445824),
    (5, 16, 61, 4512412933816320),
    (5, 16, 9, 0),
    (5, 16, 2, 512),
    (5, 16, 17, 0),
    (5, 16, 18, 131072),
    (5, 16, 19, 393216),
    (5, 16, 20, 917504),
    (5, 16, 21, 1966080),
    (5, 16, 22, 4063232),
    (5, 16, 23, 8257536),
    (5, 16, 24, 0),
    (5, 16, 32, 16777216),
    (5, 16, 40, 4311744512),
    (5, 16, 48, 1103823372288),
    (5, 16, 56, 282578800082944),
    (5, 16, 8, 0),
    (5, 16, 0, 256),
    (2, 17, 34, 0),
    (2, 17, 32, 0),
    (2, 17, 2, 0),
    (2, 17, 0, 0),
    (2, 17, 27, 0),
    (2, 17, 11, 0),
    (6, 17, 26, 0),
    (6, 17, 24, 0),
    (6, 17, 10, 0),
    (6, 17, 8, 0),
    (6, 17, 18, 0),
    (6, 17, 16, 0),
    (6, 17, 25, 0),
    (6, 17, 9, 0),
    (3, 17, 26, 0),
    (3, 17, 35, 67108864),
    (3, 17, 44, 34426847232),
    (3, 17, 53, 17626612891648),
    (3, 17, 62, 9024825867632640),
    (3, 17, 24, 0),
    (3, 17, 10, 0),
    (3, 17, 3, 1024),
    (3, 17, 8, 0),
    (4, 17, 18, 0),
    (4, 17, 19, 262144),
    (4, 17, 20, 786432),
    (4, 17, 21, 1835008),
    (4, 17, 22, 3932160),
    (4, 17, 23, 8126464),
    (4, 17, 16, 0),
    (4, 17, 25, 0),
    (4, 17, 33, 33554432),
    (4, 17, 41, 8623489024),
    (4, 17, 49, 2207646744576),
    (4, 17, 57, 565157600165888),
    (4, 17, 9, 0),
    (4, 17, 1, 512),
    (5, 17, 26, 0),
    (5, 17, 35, 67108864),
    (5, 17, 44, 34426847232),
    (5, 17, 53, 17626612891648),
    (5, 17, 62, 9024825867632640),
    (5, 17, 24, 0),
    (5, 17, 10, 0),
    (5, 17, 3, 1024),
    (5, 17, 8, 0),
    (5, 17, 18, 0),
    (5, 17, 19, 262144),
    (5, 17, 20, 786432),
    (5, 17, 21, 1835008),
    (5, 17, 22, 3932160),
    (5, 17, 23, 8126464),
    (5, 17, 16, 0),
    (5, 17, 25, 0),
    (5, 17, 33, 33554432),
    (5, 17, 41, 8623489024),
    (5, 17, 49, 2207646744576),
    (5, 17, 57, 565157600165888),
    (5, 17, 9, 0),
    (5, 17, 1, 512),
    (2, 18, 35, 0),
    (2, 18, 33, 0),
    (2, 18, 3, 0),
    (2, 18, 1, 0),
    (2, 18, 28, 0),
    (2, 18, 24, 0),
    (2, 18, 12, 0),
    (2, 18, 8, 0),
    (6, 18, 27, 0),
    (6, 18, 25, 0),
    (6, 18, 11, 0),
    (6, 18, 9, 0),
    (6, 18, 19, 0),
    (6, 18, 17, 0),
    (6, 18, 26, 0),
    (6, 18, 10, 0),
    (3, 18, 27, 0),
    (3, 18, 36, 134217728),
    (3, 18, 45, 68853694464),
    (3, 18, 54, 35253225783296),
    (3, 18, 63, 18049651735265280),
    (3, 18, 25, 0),
    (3, 18, 32, 33554432),
    (3, 18, 11, 0),
    (3, 18, 4, 2048),
    (3, 18, 9, 0),
    (3, 18, 0, 512),
    (4, 18, 19, 0),
    (4, 18, 20, 524288),
    (4, 18, 21, 1572864),
    (4, 18, 22, 3670016),
    (4, 18, 23, 7864320),
    (4, 18, 17, 0),
    (4, 18, 16, 131072),
    (4, 18, 26, 0),
    (4, 18, 34, 67108864),
    (4, 18, 42, 17246978048),
    (4, 18, 50, 4415293489152),
    (4, 18, 58, 1130315200331776),
    (4, 18, 10, 0),
    (4, 18, 2, 1024),
    (5, 18, 27, 0),
    (5, 18, 36, 134217728),
    (5, 18, 45, 68853694464),
    (5, 18, 54, 35253225783296),
    (5, 18, 63, 18049651735265280),
    (5, 18, 25, 0),
    (5, 18, 32, 33554432),
    (5, 18, 11, 0),
    (5, 18, 4, 2048),
    (5, 18, 9, 0),
    (5, 18, 0, 512),
    (5, 18, 19, 0),
    (5, 18, 20, 524288),
    (5, 18, 21, 1572864),
    (5, 18, 22, 3670016),
    (5, 18, 23, 7864320),
    (5, 18, 17, 0),
    (5, 18, 16, 131072),
    (5, 18, 26, 0),
    (5, 18, 34, 67108864),
    (5, 18, 42, 17246978048),
    (5, 18, 50, 4415293489152),
    (5, 18, 58, 1130315200331776),
    (5, 18, 10, 0),
    (5, 18, 2, 1024),
    (2, 19, 36, 0),
    (2, 19, 34, 0),
    (2, 19, 4, 0),
    (2, 19, 2, 0),
    (2, 19, 29, 0),
    (2, 19, 25, 0),
    (2, 19, 13, 0),
    (2, 19, 9, 0),
    (6, 19, 28, 0),
    (6, 19, 26, 0),
    (6, 19, 12, 0),
    (6, 19, 10, 0),
    (6, 19, 20, 0),
    (6, 19, 18, 0),
    (6, 19, 27, 0),
    (6, 19, 11, 0),
    (3, 19, 28, 0),
    (3, 19, 37, 268435456),
    (3, 19, 46, 137707388928),
    (3, 19, 55, 70506451566592),
    (3, 19, 26, 0),
    (3, 19, 33, 67108864),
    (3, 19, 40, 8657043456),
    (3, 19, 12, 0),
    (3, 19, 5, 4096),
    (3, 19, 10, 0),
    (3, 19, 1, 1024),
    (4, 19, 20, 0),
    (4, 19, 21, 1048576),
    (4, 19, 22, 3145728),
    (4, 19, 23, 7340032),
    (4, 19, 18, 0),
    (4, 19, 17, 262144),
    (4, 19, 16, 393216),
    (4, 19, 27, 0),
    (4, 19, 35, 134217728),
    (4, 19, 43, 34493956096),
    (4, 19, 51, 8830586978304),
    (4, 19, 59, 2260630400663552),
    (4, 19, 11, 0),
    (4, 19, 3, 2048),
    (5, 19, 28, 0),
    (5, 19, 37, 268435456),
    (5, 19, 46, 137707388928),
    (5, 19, 55, 70506451566592),
    (5, 19, 26, 0),
    (5, 19, 33, 67108864),
    (5, 19, 40, 8657043456),
    (5, 19, 12, 0),
    (5, 19, 5, 4096),
    (5, 19, 10, 0),
    (5, 19, 1, 1024),
    (5, 19, 20, 0),
    (5, 19, 21, 1048576),
    (5, 19, 22, 3145728),
    (5, 19, 23, 7340032),
    (5, 19, 18, 0),
    (5, 19, 17, 262144),
    (5, 19, 16, 393216),
    (5, 19, 27, 0),
    (5, 19, 35, 134217728),
    (5, 19, 43, 34493956096),
    (5, 19, 51, 8830586978304),
    (5, 19, 59, 2260630400663552),
    (5, 19, 11, 0),
    (5, 19, 3, 2048),
    (2, 20, 37, 0),
    (2, 20, 35, 0),
    (2, 20, 5, 0),
    (2, 20, 3, 0),
    (2, 20, 30, 0),
    (2, 20, 26, 0),
    (2, 20, 14, 0),
    (2, 20, 10, 0),
    (6, 20, 29, 0),
    (6, 20, 27, 0),
    (6, 20, 13, 0),
    (6, 20, 11, 0),
    (6, 20, 21, 0),
    (6, 20, 19, 0),
    (6, 20, 28, 0),
    (6, 20, 12, 0),
    (3, 20, 29, 0),
    (3, 20, 38, 536870912),
    (3, 20, 47, 275414777856),
    (3, 20, 27, 0),
    (3, 20, 34, 134217728),
    (3, 20, 41, 17314086912),
    (3, 20, 48, 2216337342464),
    (3, 20, 13, 0),
    (3, 20, 6, 8192),
    (3, 20, 11, 0),
    (3, 20, 2, 2048),
    (4, 20, 21, 0),
    (4, 20, 22, 2097152),
    (4, 20, 23, 6291456),
    (4, 20, 19, 0),
    (4, 20, 18, 524288),
    (4, 20, 17, 786432),
    (4, 20, 16, 917504),
    (4, 20, 28, 0),
    (4, 20, 36, 268435456),
    (4, 20, 44, 68987912192),
    (4, 20, 52, 17661173956608),
    (4, 20, 60, 4521260801327104),
    (4, 20, 12, 0),
    (4, 20, 4, 4096),
    (5, 20, 29, 0),
    (5, 20, 38, 536870912),
    (5, 20, 47, 275414777856),
    (5, 20, 27, 0),
    (5, 20, 34, 134217728),
    (5, 20, 41, 17314086912),
    (5, 20, 48, 2216337342464),
    (5, 20, 13, 0),
    (5, 20, 6, 8192),
    (5, 20, 11, 0),
    (5, 20, 2, 2048),
    (5, 20, 21, 0),
    (5, 20, 22, 2097152),
    (5, 20, 23, 6291456),
    (5, 20, 19, 0),
    (5, 20, 18, 524288),
    (5, 20, 17, 786432),
    (5, 20, 16, 917504),
    (5, 20, 28, 0),
    (5, 20, 36, 268435456),
    (5, 20, 44, 68987912192),
    (5, 20, 52, 17661173956608),
    (5, 20, 60, 4521260801327104),
    (5, 20, 12, 0),
    (5, 20, 4, 4096),
    (2, 21, 38, 0),
    (2, 21, 36, 0),
    (2, 21, 6, 0),
    (2, 21, 4, 0),
    (2, 21, 31, 0),
    (2, 21, 27, 0),
    (2, 21, 15, 0),
    (2, 21, 11, 0),
    (6, 21, 30, 0),
    (6, 21, 28, 0),
    (6, 21, 14, 0),
    (6, 21, 12, 0),
    (6, 21, 22, 0),
    (6, 21, 20, 0),
    (6, 21, 29, 0),
    (6, 21, 13, 0),
    (3, 21, 30, 0),
    (3, 21, 39, 1073741824),
    (3, 21, 28, 0),
    (3, 21, 35, 268435456),
    (3, 21, 42, 34628173824),
    (3, 21, 49, 4432674684928),
    (3, 21, 56, 567382628106240),
    (3, 21, 14, 0),
    (3, 21, 7, 16384),
    (3, 21, 12, 0),
    (3, 21, 3, 4096),
    (4, 21, 22, 0),
    (4, 21, 23, 4194304),
    (4, 21, 20, 0),
    (4, 21, 19, 1048576),
    (4, 21, 18, 1572864),
    (4, 21, 17, 1835008),
    (4, 21, 16, 1966080),
    (4, 21, 29, 0),
    (4, 21, 37, 536870912),
    (4, 21, 45, 137975824384),
    (4, 21, 53, 35322347913216),
    (4, 21, 61, 9042521602654208),
    (4, 21, 13, 0),
    (4, 21, 5, 8192),
    (5, 21, 30, 0),
    (5, 21, 39, 1073741824),
    (5, 21, 28, 0),
    (5, 21, 35, 268435456),
    (5, 21, 42, 34628173824),
    (5, 21, 49, 4432674684928),
    (5, 21, 56, 567382628106240),
    (5, 21, 14, 0),
    (5, 21, 7, 16384),
    (5, 21, 12, 0),
    (5, 21, 3, 4096),
    (5, 21, 22, 0),
    (5, 21, 23, 4194304),
    (5, 21, 20, 0),
    (5, 21, 19, 1048576),
    (5, 21, 18, 1572864),
    (5, 21, 17, 1835008),
    (5, 21, 16, 1966080),
    (5, 21, 29, 0),
    (5, 21, 37, 536870912),
    (5, 21, 45, 137975824384),
    (5, 21, 53, 35322347913216),
    (5, 21, 61, 9042521602654208),
    (5, 21, 13, 0),
    (5, 21, 5, 8192),
    (2, 22, 39, 0),
    (2, 22, 37, 0),
    (2, 22, 7, 0),
    (2, 22, 5, 0),
    (2, 22, 28, 0),
    (2, 22, 12, 0),
    (6, 22, 31, 0),
    (6, 22, 29, 0),
    (6, 22, 15, 0),
    (6, 22, 13, 0),
    (6, 22, 23, 0),
    (6, 22, 21, 0),
    (6, 22, 30, 0),
    (6, 22, 14, 0),
    (3, 22, 31, 0),
    (3, 22, 29, 0),
    (3, 22, 36, 536870912),
    (3, 22, 43, 69256347648),
    (3, 22, 50, 8865349369856),
    (3, 22, 57, 1134765256212480),
    (3, 22, 15, 0),
    (3, 22, 13, 0),
    (3, 22, 4, 8192),
    (4, 22, 23, 0),
    (4, 22, 21, 0),
    (4, 22, 20, 2097152),
    (4, 22, 19, 3145728),
    (4, 22, 18, 3670016),
    (4, 22, 17, 3932160),
    (4, 22, 16, 4063232),
    (4, 22, 30, 0),
    (4, 22, 38, 1073741824),
    (4, 22, 46, 275951648768),
    (4, 22, 54, 70644695826432),
    (4, 22, 62, 18085043205308416),
    (4, 22, 14, 0),
    (4, 22, 6, 16384),
    (5, 22, 31, 0),
    (5, 22, 29, 0),
    (5, 22, 36, 536870912),
    (5, 22, 43, 69256347648),
    (5, 22, 50, 8865349369856),
    (5, 22, 57, 1134765256212480),
    (5, 22, 15, 0),
    (5, 22, 13, 0),
    (5, 22, 4, 8192),
    (5, 22, 23, 0),
    (5, 22, 21, 0),
    (5, 22, 20, 2097152),
    (5, 22, 19, 3145728),
    (5, 22, 18, 3670016),
    (5, 22, 17, 3932160),
    (5, 22, 16, 4063232),
    (5, 22, 30, 0),
    (5, 22, 38, 1073741824),
    (5, 22, 46, 275951648768),
    (5, 22, 54, 70644695826432),
    (5, 22, 62, 18085043205308416),
    (5, 22, 14, 0),
    (5, 22, 6, 16384),
    (2, 23, 38, 0),
    (2, 23, 6, 0),
    (2, 23, 29, 0),
    (2, 23, 13, 0),
    (6, 23, 30, 0),
    (6, 23, 14, 0),
    (6, 23, 22, 0),
    (6, 23, 31, 0),
    (6, 23, 15, 0),
    (3, 23, 30, 0),
    (3, 23, 37, 1073741824),
    (3, 23, 44, 138512695296),
    (3, 23, 51, 17730698739712),
    (3, 23, 58, 2269530512424960),
    (3, 23, 14, 0),
    (3, 23, 5, 16384),
    (4, 23, 22, 0),
    (4, 23, 21, 4194304),
    (4, 23, 20, 6291456),
    (4, 23, 19, 7340032),
    (4, 23, 18, 7864320),
    (4, 23, 17, 8126464),
    (4, 23, 16, 8257536),
    (4, 23, 31, 0),
    (4, 23, 39, 2147483648),
    (4, 23, 47, 551903297536),
    (4, 23, 55, 141289391652864),
    (4, 23, 63, 36170086410616832),
    (4, 23, 15, 0),
    (4, 23, 7, 32768),
    (5, 23, 30, 0),
    (5, 23, 37, 1073741824),
    (5, 23, 44, 138512695296),
    (5, 23, 51, 17730698739712),
    (5, 23, 58, 2269530512424960),
    (5, 23, 14, 0),
    (5, 23, 5, 16384),
    (5, 23, 22, 0),
    (5, 23, 21, 4194304),
    (5, 23, 20, 6291456),
    (5, 23, 19, 7340032),
    (5, 23, 18, 7864320),
    (5, 23, 17, 8126464),
    (5, 23, 16, 8257536),
    (5, 23, 31, 0),
    (5, 23, 39, 2147483648),
    (5, 23, 47, 551903297536),
    (5, 23, 55, 141289391652864),
    (5, 23, 63, 36170086410616832),
    (5, 23, 15, 0),
    (5, 23, 7, 32768),
    (2, 24, 41, 0),
    (2, 24, 9, 0),
    (2, 24, 34, 0),
    (2, 24, 18, 0),
    (6, 24, 33, 0),
    (6, 24, 17, 0),
    (6, 24, 25, 0),
    (6, 24, 32, 0),
    (6, 24, 16, 0),
    (3, 24, 33, 0),
    (3, 24, 42, 8589934592),
    (3, 24, 51, 4406636445696),
    (3, 24, 60, 2256206450130944),
    (3, 24, 17, 0),
    (3, 24, 10, 131072),
    (3, 24, 3, 132096),
    (4, 24, 25, 0),
    (4, 24, 26, 33554432),
    (4, 24, 27, 100663296),
    (4, 24, 28, 234881024),
    (4, 24, 29, 503316480),
    (4, 24, 30, 1040187392),
    (4, 24, 31, 2113929216),
    (4, 24, 32, 0),
    (4, 24, 40, 4294967296),
    (4, 24, 48, 1103806595072),
    (4, 24, 56, 282578783305728),
    (4, 24, 16, 0),
    (4, 24, 8, 65536),
    (4, 24, 0, 65792),
    (5, 24, 33, 0),
    (5, 24, 42, 8589934592),
    (5, 24, 51, 4406636445696),
    (5, 24, 60, 2256206450130944),
    (5, 24, 17, 0),
    (5, 24, 10, 131072),
    (5, 24, 3, 132096),
    (5, 24, 25, 0),
    (5, 24, 26, 33554432),
    (5, 24, 27, 100663296),
    (5, 24, 28, 234881024),
    (5, 24, 29, 503316480),
    (5, 24, 30, 1040187392),
    (5, 24, 31, 2113929216),
    (5, 24, 32, 0),
    (5, 24, 40, 4294967296),
    (5, 24, 48, 1103806595072),
    (5, 24, 56, 282578783305728),
    (5, 24, 16, 0),
    (5, 24, 8, 65536),
    (5, 24, 0, 65792),
    (2, 25, 42, 0),
    (2, 25, 40, 0),
    (2, 25, 10, 0),
    (2, 25, 8, 0),
    (2, 25, 35, 0),
    (2, 25, 19, 0),
    (6, 25, 34, 0),
    (6, 25, 32, 0),
    (6, 25, 18, 0),
    (6, 25, 16, 0),
    (6, 25, 26, 0),
    (6, 25, 24, 0),
    (6, 25, 33, 0),
    (6, 25, 17, 0),
    (3, 25, 34, 0),
    (3, 25, 43, 17179869184),
    (3, 25, 52, 8813272891392),
    (3, 25, 61, 4512412900261888),
    (3, 25, 32, 0),
    (3, 25, 18, 0),
    (3, 25, 11, 262144),
    (3, 25, 4, 264192),
    (3, 25, 16, 0),
    (4, 25, 26, 0),
    (4, 25, 27, 67108864),
    (4, 25, 28, 201326592),
    (4, 25, 29, 469762048),
    (4, 25, 30, 1006632960),
    (4, 25, 31, 2080374784),
    (4, 25, 24, 0),
    (4, 25, 33, 0),
    (4, 25, 41, 8589934592),
    (4, 25, 49, 2207613190144),
    (4, 25, 57, 565157566611456),
    (4, 25, 17, 0),
    (4, 25, 9, 131072),
    (4, 25, 1, 131584),
    (5, 25, 34, 0),
    (5, 25, 43, 17179869184),
    (5, 25, 52, 8813272891392),
    (5, 25, 61, 4512412900261888),
    (5, 25, 32, 0),
    (5, 25, 18, 0),
    (5, 25, 11, 262144),
    (5, 25, 4, 264192),
    (5, 25, 16, 0),
    (5, 25, 26, 0),
    (5, 25, 27, 67108864),
    (5, 25, 28, 201326592),
    (5, 25, 29, 469762048),
    (5, 25, 30, 1006632960),
    (5, 25, 31, 2080374784),
    (5, 25, 24, 0),
    (5, 25, 33, 0),
    (5, 25, 41, 8589934592),
    (5, 25, 49, 2207613190144),
    (5, 25, 57, 565157566611456),
    (5, 25, 17, 0),
    (5, 25, 9, 131072),
    (5, 25, 1, 131584),
    (2, 26, 43, 0),
    (2, 26, 41, 0),
    (2, 26, 11, 0),
    (2, 26, 9, 0),
    (2, 26, 36, 0),
    (2, 26, 32, 0),
    (2, 26, 20, 0),
    (2, 26, 16, 0),
    (6, 26, 35, 0),
    (6, 26, 33, 0),
    (6, 26, 19, 0),
    (6, 26, 17, 0),
    (6, 26, 27, 0),
    (6, 26, 25, 0),
    (6, 26, 34, 0),
    (6, 26, 18, 0),
    (3, 26, 35, 0),
    (3, 26, 44, 34359738368),
    (3, 26, 53, 17626545782784),
    (3, 26, 62, 9024825800523776),
    (3, 26, 33, 0),
    (3, 26, 40, 8589934592),
    (3, 26, 19, 0),
    (3, 26, 12, 524288),
    (3, 26, 5, 528384),
    (3, 26, 17, 0),
    (3, 26, 8, 131072),
    (4, 26, 27, 0),
    (4, 26, 28, 134217728),
    (4, 26, 29, 402653184),
    (4, 26, 30, 939524096),
    (4, 26, 31, 2013265920),
    (4, 26, 25, 0),
    (4, 26, 24, 33554432),
    (4, 26, 34, 0),
    (4, 26, 42, 17179869184),
    (4, 26, 50, 4415226380288),
    (4, 26, 58, 1130315133222912),
    (4, 26, 18, 0),
    (4, 26, 10, 262144),
    (4, 26, 2, 263168),
    (5, 26, 35, 0),
    (5, 26, 44, 34359738368),
    (5, 26, 53, 17626545782784),
    (5, 26, 62, 9024825800523776),
    (5, 26, 33, 0),
    (5, 26, 40, 8589934592),
    (5, 26, 19, 0),
    (5, 26, 12, 524288),
    (5, 26, 5, 528384),
    (5, 26, 17, 0),
    (5, 26, 8, 131072),
    (5, 26, 27, 0),
    (5, 26, 28, 134217728),
    (5, 26, 29, 402653184),
    (5, 26, 30, 939524096),
    (5, 26, 31, 2013265920),
    (5, 26, 25, 0),
    (5, 26, 24, 33554432),
    (5, 26, 34, 0),
    (5, 26, 42, 17179869184),
    (5, 26, 50, 4415226380288),
    (5, 26, 58, 1130315133222912),
    (5, 26, 18, 0),
    (5, 26, 10, 262144),
    (5, 26, 2, 263168),
    (2, 27, 44, 0),
    (2, 27, 42, 0),
    (2, 27, 12, 0),
    (2, 27, 10, 0),
    (2, 27, 37, 0),
    (2, 27, 33, 0),
    (2, 27, 21, 0),
    (2, 27, 17, 0),
    (6, 27, 36, 0),
    (6, 27, 34, 0),
    (6, 27, 20, 0),
    (6, 27, 18, 0),
    (6, 27, 28, 0),
    (6, 27, 26, 0),
    (6, 27, 35, 0),
    (6, 27, 19, 0),
    (3, 27, 36, 0),
    (3, 27, 45, 68719476736),
    (3, 27, 54, 35253091565568),
    (3, 27, 63, 18049651601047552),
    (3, 27, 34, 0),
    (3, 27, 41, 17179869184),
    (3, 27, 48, 2216203124736),
    (3, 27, 20, 0),
    (3, 27, 13, 1048576),
    (3, 27, 6, 1056768),
    (3, 27, 18, 0),
    (3, 27, 9, 262144),
    (3, 27, 0, 262656),
    (4, 27, 28, 0),
    (4, 27, 29, 268435456),
    (4, 27, 30, 805306368),
    (4, 27, 31, 1879048192),
    (4, 27, 26, 0),
    (4, 27, 25, 67108864),
    (4, 27, 24, 100663296),
    (4, 27, 35, 0),
    (4, 27, 43, 34359738368),
    (4, 27, 51, 8830452760576),
    (4, 27, 59, 2260630266445824),
    (4, 27, 19, 0),
    (4, 27, 11, 524288),
    (4, 27, 3, 526336),
    (5, 27, 36, 0),
    (5, 27, 45, 68719476736),
    (5, 27, 54, 35253091565568),
    (5, 27, 63, 18049651601047552),
    (5, 27, 34, 0),
    (5, 27, 41, 17179869184),
    (5, 27, 48, 2216203124736),
    (5, 27, 20, 0),
    (5, 27, 13, 1048576),
    (5, 27, 6, 1056768),
    (5, 27, 18, 0),
    (5, 27, 9, 262144),
    (5, 27, 0, 262656),
    (5, 27, 28, 0),
    (5, 27, 29, 268435456),
    (5, 27, 30, 805306368),
    (5, 27, 31, 1879048192),
    (5, 27, 26, 0),
    (5, 27, 25, 67108864),
    (5, 27, 24, 100663296),
    (5, 27, 35, 0),
    (5, 27, 43, 34359738368),
    (5, 27, 51, 8830452760576),
    (5, 27, 59, 2260630266445824),
    (5, 27, 19, 0),
    (5, 27, 11, 524288),
    (5, 27, 3, 526336),
    (2, 28, 45, 0),
    (2, 28, 43, 0),
    (2, 28, 13, 0),
    (2, 28, 11, 0),
    (2, 28, 38, 0),
    (2, 28, 34, 0),
    (2, 28, 22, 0),
    (2, 28, 18, 0),
    (6, 28, 37, 0),
    (6, 28, 35, 0),
    (6, 28, 21, 0),
    (6, 28, 19, 0),
    (6, 28, 29, 0),
    (6, 28, 27, 0),
    (6, 28, 36, 0),
    (6, 28, 20, 0),
    (3, 28, 37, 0),
    (3, 28, 46, 137438953472),
    (3, 28, 55, 70506183131136),
    (3, 28, 35, 0),
    (3, 28, 42, 34359738368),
    (3, 28, 49, 4432406249472),
    (3, 28, 56, 567382359670784),
    (3, 28, 21, 0),
    (3, 28, 14, 2097152),
    (3, 28, 7, 2113536),
    (3, 28, 19, 0),
    (3, 28, 10, 524288),
    (3, 28, 1, 525312),
    (4, 28, 29, 0),
    (4, 28, 30, 536870912),
    (4, 28, 31, 1610612736),
    (4, 28, 27, 0),
    (4, 28, 26, 134217728),
    (4, 28, 25, 201326592),
    (4, 28, 24, 234881024),
    (4, 28, 36, 0),
    (4, 28, 44, 68719476736),
    (4, 28, 52, 17660905521152),
    (4, 28, 60, 4521260532891648),
    (4, 28, 20, 0),
    (4, 28, 12, 1048576),
    (4, 28, 4, 1052672),
    (5, 28, 37, 0),
    (5, 28, 46, 137438953472),
    (5, 28, 55, 70506183131136),
    (5, 28, 35, 0),
    (5, 28, 42, 34359738368),
    (5, 28, 49, 4432406249472),
    (5, 28, 56, 567382359670784),
    (5, 28, 21, 0),
    (5, 28, 14, 2097152),
    (5, 28, 7, 2113536),
    (5, 28, 19, 0),
    (5, 28, 10, 524288),
    (5, 28, 1, 525312),
    (5, 28, 29, 0),
    (5, 28, 30, 536870912),
    (5, 28, 31, 1610612736),
    (5, 28, 27, 0),
    (5, 28, 26, 134217728),
    (5, 28, 25, 201326592),
    (5, 28, 24, 234881024),
    (5, 28, 36, 0),
    (5, 28, 44, 68719476736),
    (5, 28, 52, 17660905521152),
    (5, 28, 60, 4521260532891648),
    (5, 28, 20, 0),
    (5, 28, 12, 1048576),
    (5, 28, 4, 1052672),
    (2, 29, 46, 0),
    (2, 29, 44, 0),
    (2, 29, 14, 0),
    (2, 29, 12, 0),
    (2, 29, 39, 0),
    (2, 29, 35, 0),
    (2, 29, 23, 0),
    (2, 29, 19, 0),
    (6, 29, 38, 0),
    (6, 29, 36, 0),
    (6, 29, 22, 0),
    (6, 29, 20, 0),
    (6, 29, 30, 0),
    (6, 29, 28, 0),
    (6, 29, 37, 0),
    (6, 29, 21, 0),
    (3, 29, 38, 0),
    (3, 29, 47, 274877906944),
    (3, 29, 36, 0),
    (3, 29, 43, 68719476736),
    (3, 29, 50, 8864812498944),
    (3, 29, 57, 1134764719341568),
    (3, 29, 22, 0),
    (3, 29, 15, 4194304),
    (3, 29, 20, 0),
    (3, 29, 11, 1048576),
    (3, 29, 2, 1050624),
    (4, 29, 30, 0),
    (4, 29, 31, 1073741824),
    (4, 29, 28, 0),
    (4, 29, 27, 268435456),
    (4, 29, 26, 402653184),
    (4, 29, 25, 469762048),
    (4, 29, 24, 503316480),
    (4, 29, 37, 0),
    (4, 29, 45, 137438953472),
    (4, 29, 53, 35321811042304),
    (4, 29, 61, 9042521065783296),
    (4, 29, 21, 0),
    (4, 29, 13, 2097152),
    (4, 29, 5, 2105344),
    (5, 29, 38, 0),
    (5, 29, 47, 274877906944),
    (5, 29, 36, 0),
    (5, 29, 43, 68719476736),
    (5, 29, 50, 8864812498944),
    (5, 29, 57, 1134764719341568),
    (5, 29, 22, 0),
    (5, 29, 15, 4194304),
    (5, 29, 20, 0),
    (5, 29, 11, 1048576),
    (5, 29, 2, 1050624),
    (5, 29, 30, 0),
    (5, 29, 31, 1073741824),
    (5, 29, 28, 0),
    (5, 29, 27, 268435456),
    (5, 29, 26, 402653184),
    (5, 29, 25, 469762048),
    (5, 29, 24, 503316480),
    (5, 29, 37, 0),
    (5, 29, 45, 137438953472),
    (5, 29, 53, 35321811042304),
    (5, 29, 61, 9042521065783296),
    (5, 29, 21, 0),
    (5, 29, 13, 2097152),
    (5, 29, 5, 2105344),
    (2, 30, 47, 0),
    (2, 30, 45, 0),
    (2, 30, 15, 0),
    (2, 30, 13, 0),
    (2, 30, 36, 0),
    (2, 30, 20, 0),
    (6, 30, 39, 0),
    (6, 30, 37, 0),
    (6, 30, 23, 0),
    (6, 30, 21, 0),
    (6, 30, 31, 0),
    (6, 30, 29, 0),
    (6, 30, 38, 0),
    (6, 30, 22, 0),
    (3, 30, 39, 0),
    (3, 30, 37, 0),
    (3, 30, 44, 137438953472),
    (3, 30, 51, 17729624997888),
    (3, 30, 58, 2269529438683136),
    (3, 30, 23, 0),
    (3, 30, 21, 0),
    (3, 30, 12, 2097152),
    (3, 30, 3, 2101248),
    (4, 30, 31, 0),
    (4, 30, 29, 0),
    (4, 30, 28, 536870912),
    (4, 30, 27, 805306368),
    (4, 30, 26, 939524096),
    (4, 30, 25, 1006632960),
    (4, 30, 24, 1040187392),
    (4, 30, 38, 0),
    (4, 30, 46, 274877906944),
    (4, 30, 54, 70643622084608),
    (4, 30, 62, 18085042131566592),
    (4, 30, 22, 0),
    (4, 30, 14, 4194304),
    (4, 30, 6, 4210688),
    (5, 30, 39, 0),
    (5, 30, 37, 0),
    (5, 30, 44, 137438953472),
    (5, 30, 51, 17729624997888),
    (5, 30, 58, 2269529438683136),
    (5, 30, 23, 0),
    (5, 30, 21, 0),
    (5, 30, 12, 2097152),
    (5, 30, 3, 2101248),
    (5, 30, 31, 0),
    (5, 30, 29, 0),
    (5, 30, 28, 536870912),
    (5, 30, 27, 805306368),
    (5, 30, 26, 939524096),
    (5, 30, 25, 1006632960),
    (5, 30, 24, 1040187392),
    (5, 30, 38, 0),
    (5, 30, 46, 274877906944),
    (5, 30, 54, 70643622084608),
    (5, 30, 62, 18085042131566592),
    (5, 30, 22, 0),
    (5, 30, 14, 4194304),
    (5, 30, 6, 4210688),
    (2, 31, 46, 0),
    (2, 31, 14, 0),
    (2, 31, 37, 0),
    (2, 31, 21, 0),
    (6, 31, 38, 0),
    (6, 31, 22, 0),
    (6, 31, 30, 0),
    (6, 31, 39, 0),
    (6, 31, 23, 0),
    (3, 31, 38, 0),
    (3, 31, 45, 274877906944),
    (3, 31, 52, 35459249995776),
    (3, 31, 59, 4539058877366272),
    (3, 31, 22, 0),
    (3, 31, 13, 4194304),
    (3, 31, 4, 4202496),
    (4, 31, 30, 0),
    (4, 31, 29, 1073741824),
    (4, 31, 28, 1610612736),
    (4, 31, 27, 1879048192),
    (4, 31, 26, 2013265920),
    (4, 31, 25, 2080374784),
    (4, 31, 24, 2113929216),
    (4, 31, 39, 0),
    (4, 31, 47, 549755813888),
    (4, 31, 55, 141287244169216),
    (4, 31, 63, 36170084263133184),
    (4, 31, 23, 0),
    (4, 31, 15, 8388608),
    (4, 31, 7, 8421376),
    (5, 31, 38, 0),
    (5, 31, 45, 274877906944),
    (5, 31, 52, 35459249995776),
    (5, 31, 59, 4539058877366272),
    (5, 31, 22, 0),
    (5, 31, 13, 4194304),
    (5, 31, 4, 4202496),
    (5, 31, 30, 0),
    (5, 31, 29, 1073741824),
    (5, 31, 28, 1610612736),
    (5, 31, 27, 1879048192),
    (5, 31, 26, 2013265920),
    (5, 31, 25, 2080374784),
    (5, 31, 24, 2113929216),
    (5, 31, 39, 0),
    (5, 31, 47, 549755813888),
    (5, 31, 55, 141287244169216),
    (5, 31, 63, 36170084263133184),
    (5, 31, 23, 0),
    (5, 31, 15, 8388608),
    (5, 31, 7, 8421376),
    (2, 32, 49, 0),
    (2, 32, 17, 0),
    (2, 32, 42, 0),
    (2, 32, 26, 0),
    (6, 32, 41, 0),
    (6, 32, 25, 0),
    (6, 32, 33, 0),
    (6, 32, 40, 0),
    (6, 32, 24, 0),
    (3, 32, 41, 0),
    (3, 32, 50, 2199023255552),
    (3, 32, 59, 1128098930098176),
    (3, 32, 25, 0),
    (3, 32, 18, 33554432),
    (3, 32, 11, 33816576),
    (3, 32, 4, 33818624),
    (4, 32, 33, 0),
    (4, 32, 34, 8589934592),
    (4, 32, 35, 25769803776),
    (4, 32, 36, 60129542144),
    (4, 32, 37, 128849018880),
    (4, 32, 38, 266287972352),
    (4, 32, 39, 541165879296),
    (4, 32, 40, 0),
    (4, 32, 48, 1099511627776),
    (4, 32, 56, 282574488338432),
    (4, 32, 24, 0),
    (4, 32, 16, 16777216),
    (4, 32, 8, 16842752),
    (4, 32, 0, 16843008),
    (5, 32, 41, 0),
    (5, 32, 50, 2199023255552),
    (5, 32, 59, 1128098930098176),
    (5, 32, 25, 0),
    (5, 32, 18, 33554432),
    (5, 32, 11, 33816576),
    (5, 32, 4, 33818624),
    (5, 32, 33, 0),
    (5, 32, 34, 8589934592),
    (5, 32, 35, 25769803776),
    (5, 32, 36, 60129542144),
    (5, 32, 37, 128849018880),
    (5, 32, 38, 266287972352),
    (5, 32, 39, 541165879296),
    (5, 32, 40, 0),
    (5, 32, 48, 1099511627776),
    (5, 32, 56, 282574488338432),
    (5, 32, 24, 0),
    (5, 32, 16, 16777216),
    (5, 32, 8, 16842752),
    (5, 32, 0, 16843008),
    (2, 33, 50, 0),
    (2, 33, 48, 0),
    (2, 33, 18, 0),
    (2, 33, 16, 0),
    (2, 33, 43, 0),
    (2, 33, 27, 0),
    (6, 33, 42, 0),
    (6, 33, 40, 0),
    (6, 33, 26, 0),
    (6, 33, 24, 0),
    (6, 33, 34, 0),
    (6, 33, 32, 0),
    (6, 33, 41, 0),
    (6, 33, 25, 0),
    (3, 33, 42, 0),
    (3, 33, 51, 4398046511104),
    (3, 33, 60, 2256197860196352),
    (3, 33, 40, 0),
    (3, 33, 26, 0),
    (3, 33, 19, 67108864),
    (3, 33, 12, 67633152),
    (3, 33, 5, 67637248),
    (3, 33, 24, 0),
    (4, 33, 34, 0),
    (4, 33, 35, 17179869184),
    (4, 33, 36, 51539607552),
    (4, 33, 37, 120259084288),
    (4, 33, 38, 257698037760),
    (4, 33, 39, 532575944704),
    (4, 33, 32, 0),
    (4, 33, 41, 0),
    (4, 33, 49, 2199023255552),
    (4, 33, 57, 565148976676864),
    (4, 33, 25, 0),
    (4, 33, 17, 33554432),
    (4, 33, 9, 33685504),
    (4, 33, 1, 33686016),
    (5, 33, 42, 0),
    (5, 33, 51, 4398046511104),
    (5, 33, 60, 2256197860196352),
    (5, 33, 40, 0),
    (5, 33, 26, 0),
    (5, 33, 19, 67108864),
    (5, 33, 12, 67633152),
    (5, 33, 5, 67637248),
    (5, 33, 24, 0),
    (5, 33, 34, 0),
    (5, 33, 35, 17179869184),
    (5, 33, 36, 51539607552),
    (5, 33, 37, 120259084288),
    (5, 33, 38, 257698037760),
    (5, 33, 39, 532575944704),
    (5, 33, 32, 0),
    (5, 33, 41, 0),
    (5, 33, 49, 2199023255552),
    (5, 33, 57, 565148976676864),
    (5, 33, 25, 0),
    (5, 33, 17, 33554432),
    (5, 33, 9, 33685504),
    (5, 33, 1, 33686016),
    (2, 34, 51, 0),
    (2, 34, 49, 0),
    (2, 34, 19, 0),
    (2, 34, 17, 0),
    (2, 34, 44, 0),
    (2, 34, 40, 0),
    (2, 34, 28, 0),
    (2, 34, 24, 0),
    (6, 34, 43, 0),
    (6, 34, 41, 0),
    (6, 34, 27, 0),
    (6, 34, 25, 0),
    (6, 34, 35, 0),
    (6, 34, 33, 0),
    (6, 34, 42, 0),
    (6, 34, 26, 0),
    (3, 34, 43, 0),
    (3, 34, 52, 8796093022208),
    (3, 34, 61, 4512395720392704),
    (3, 34, 41, 0),
    (3, 34, 48, 2199023255552),
    (3, 34, 27, 0),
    (3, 34, 20, 134217728),
    (3, 34, 13, 135266304),
    (3, 34, 6, 135274496),
    (3, 34, 25, 0),
    (3, 34, 16, 33554432),
    (4, 34, 35, 0),
    (4, 34, 36, 34359738368),
    (4, 34, 37, 103079215104),
    (4, 34, 38, 240518168576),
    (4, 34, 39, 515396075520),
    (4, 34, 33, 0),
    (4, 34, 32, 8589934592),
    (4, 34, 42, 0),
    (4, 34, 50, 4398046511104),
    (4, 34, 58, 1130297953353728),
    (4, 34, 26, 0),
    (4, 34, 18, 67108864),
    (4, 34, 10, 67371008),
    (4, 34, 2, 67372032),
    (5, 34, 43, 0),
    (5, 34, 52, 8796093022208),
    (5, 34, 61, 4512395720392704),
    (5, 34, 41, 0),
    (5, 34, 48, 2199023255552),
    (5, 34, 27, 0),
    (5, 34, 20, 134217728),
    (5, 34, 13, 135266304),
    (5, 34, 6, 135274496),
    (5, 34, 25, 0),
    (5, 34, 16, 33554432),
    (5, 34, 35, 0),
    (5, 34, 36, 34359738368),
    (5, 34, 37, 103079215104),
    (5, 34, 38, 240518168576),
    (5, 34, 39, 515396075520),
    (5, 34, 33, 0),
    (5, 34, 32, 8589934592),
    (5, 34, 42, 0),
    (5, 34, 50, 4398046511104),
    (5, 34, 58, 1130297953353728),
    (5, 34, 26, 0),
    (5, 34, 18, 67108864),
    (5, 34, 10, 67371008),
    (5, 34, 2, 67372032),
    (2, 35, 52, 0),
    (2, 35, 50, 0),
    (2, 35, 20, 0),
    (2, 35, 18, 0),
    (2, 35, 45, 0),
    (2, 35, 41, 0),
    (2, 35, 29, 0),
    (2, 35, 25, 0),
    (6, 35, 44, 0),
    (6, 35, 42, 0),
    (6, 35, 28, 0),
    (6, 35, 26, 0),
    (6, 35, 36, 0),
    (6, 35, 34, 0),
    (6, 35, 43, 0),
    (6, 35, 27, 0),
    (3, 35, 44, 0),
    (3, 35, 53, 17592186044416),
    (3, 35, 62, 9024791440785408),
    (3, 35, 42, 0),
    (3, 35, 49, 4398046511104),
    (3, 35, 56, 567347999932416),
    (3, 35, 28, 0),
    (3, 35, 21, 268435456),
    (3, 35, 14, 270532608),
    (3, 35, 7, 270548992),
    (3, 35, 26, 0),
    (3, 35, 17, 67108864),
    (3, 35, 8, 67239936),
    (4, 35, 36, 0),
    (4, 35, 37, 68719476736),
    (4, 35, 38, 206158430208),
    (4, 35, 39, 481036337152),
    (4, 35, 34, 0),
    (4, 35, 33, 17179869184),
    (4, 35, 32, 25769803776),
    (4, 35, 43, 0),
    (4, 35, 51, 8796093022208),
    (4, 35, 59, 2260595906707456),
    (4, 35, 27, 0),
    (4, 35, 19, 134217728),
    (4, 35, 11, 134742016),
    (4, 35, 3, 134744064),
    (5, 35, 44, 0),
    (5, 35, 53, 17592186044416),
    (5, 35, 62, 9024791440785408),
    (5, 35, 42, 0),
    (5, 35, 49, 4398046511104),
    (5, 35, 56, 567347999932416),
    (5, 35, 28, 0),
    (5, 35, 21, 268435456),
    (5, 35, 14, 270532608),
    (5, 35, 7, 270548992),
    (5, 35, 26, 0),
    (5, 35, 17, 67108864),
    (5, 35, 8, 67239936),
    (5, 35, 36, 0),
    (5, 35, 37, 68719476736),
    (5, 35, 38, 206158430208),
    (5, 35, 39, 481036337152),
    (5, 35, 34, 0),
    (5, 35, 33, 17179869184),
    (5, 35, 32, 25769803776),
    (5, 35, 43, 0),
    (5, 35, 51, 8796093022208),
    (5, 35, 59, 2260595906707456),
    (5, 35, 27, 0),
    (5, 35, 19, 134217728),
    (5, 35, 11, 134742016),
    (5, 35, 3, 134744064),
    (2, 36, 53, 0),
    (2, 36, 51, 0),
    (2, 36, 21, 0),
    (2, 36, 19, 0),
    (2, 36, 46, 0),
    (2, 36, 42, 0),
    (2, 36, 30, 0),
    (2, 36, 26, 0),
    (6, 36, 45, 0),
    (6, 36, 43, 0),
    (6, 36, 29, 0),
    (6, 36, 27, 0),
    (6, 36, 37, 0),
    (6, 36, 35, 0),
    (6, 36, 44, 0),
    (6, 36, 28, 0),
    (3, 36, 45, 0),
    (3, 36, 54, 35184372088832),
    (3, 36, 63, 18049582881570816),
    (3, 36, 43, 0),
    (3, 36, 50, 8796093022208),
    (3, 36, 57, 1134695999864832),
    (3, 36, 29, 0),
    (3, 36, 22, 536870912),
    (3, 36, 15, 541065216),
    (3, 36, 27, 0),
    (3, 36, 18, 134217728),
    (3, 36, 9, 134479872),
    (3, 36, 0, 134480384),
    (4, 36, 37, 0),
    (4, 36, 38, 137438953472),
    (4, 36, 39, 412316860416),
    (4, 36, 35, 0),
    (4, 36, 34, 34359738368),
    (4, 36, 33, 51539607552),
    (4, 36, 32, 60129542144),
    (4, 36, 44, 0),
    (4, 36, 52, 17592186044416),
    (4, 36, 60, 4521191813414912),
    (4, 36, 28, 0),
    (4, 36, 20, 268435456),
    (4, 36, 12, 269484032),
    (4, 36, 4, 269488128),
    (5, 36, 45, 0),
    (5, 36, 54, 35184372088832),
    (5, 36, 63, 18049582881570816),
    (5, 36, 43, 0),
    (5, 36, 50, 8796093022208),
    (5, 36, 57, 1134695999864832),
    (5, 36, 29, 0),
    (5, 36, 22, 536870912),
    (5, 36, 15, 541065216),
    (5, 36, 27, 0),
    (5, 36, 18, 134217728),
    (5, 36, 9, 134479872),
    (5, 36, 0, 134480384),
    (5, 36, 37, 0),
    (5, 36, 38, 137438953472),
    (5, 36, 39, 412316860416),
    (5, 36, 35, 0),
    (5, 36, 34, 34359738368),
    (5, 36, 33, 51539607552),
    (5, 36, 32, 60129542144),
    (5, 36, 44, 0),
    (5, 36, 52, 17592186044416),
    (5, 36, 60, 4521191813414912),
    (5, 36, 28, 0),
    (5, 36, 20, 268435456),
    (5, 36, 12, 269484032),
    (5, 36, 4, 269488128),
    (2, 37, 54, 0),
    (2, 37, 52, 0),
    (2, 37, 22, 0),
    (2, 37, 20, 0),
    (2, 37, 47, 0),
    (2, 37, 43, 0),
    (2, 37, 31, 0),
    (2, 37, 27, 0),
    (6, 37, 46, 0),
    (6, 37, 44, 0),
    (6, 37, 30, 0),
    (6, 37, 28, 0),
    (6, 37, 38, 0),
    (6, 37, 36, 0),
    (6, 37, 45, 0),
    (6, 37, 29, 0),
    (3, 37, 46, 0),
    (3, 37, 55, 70368744177664),
    (3, 37, 44, 0),
    (3, 37, 51, 17592186044416),
    (3, 37, 58, 2269391999729664),
    (3, 37, 30, 0),
    (3, 37, 23, 1073741824),
    (3, 37, 28, 0),
    (3, 37, 19, 268435456),
    (3, 37, 10, 268959744),
    (3, 37, 1, 268960768),
    (4, 37, 38, 0),
    (4, 37, 39, 274877906944),
    (4, 37, 36, 0),
    (4, 37, 35, 68719476736),
    (4, 37, 34, 103079215104),
    (4, 37, 33, 120259084288),
    (4, 37, 32, 128849018880),
    (4, 37, 45, 0),
    (4, 37, 53, 35184372088832),
    (4, 37, 61, 9042383626829824),
    (4, 37, 29, 0),
    (4, 37, 21, 536870912),
    (4, 37, 13, 538968064),
    (4, 37, 5, 538976256),
    (5, 37, 46, 0),
    (5, 37, 55, 70368744177664),
    (5, 37, 44, 0),
    (5, 37, 51, 17592186044416),
    (5, 37, 58, 2269391999729664),
    (5, 37, 30, 0),
    (5, 37, 23, 1073741824),
    (5, 37, 28, 0),
    (5, 37, 19, 268435456),
    (5, 37, 10, 268959744),
    (5, 37, 1, 268960768),
    (5, 37, 38, 0),
    (5, 37, 39, 274877906944),
    (5, 37, 36, 0),
    (5, 37, 35, 68719476736),
    (5, 37, 34, 103079215104),
    (5, 37, 33, 120259084288),
    (5, 37, 32, 128849018880),
    (5, 37, 45, 0),
    (5, 37, 53, 35184372088832),
    (5, 37, 61, 9042383626829824),
    (5, 37, 29, 0),
    (5, 37, 21, 536870912),
    (5, 37, 13, 538968064),
    (5, 37, 5, 538976256),
    (2, 38, 55, 0),
    (2, 38, 53, 0),
    (2, 38, 23, 0),
    (2, 38, 21, 0),
    (2, 38, 44, 0),
    (2, 38, 28, 0),
    (6, 38, 47, 0),
    (6, 38, 45, 0),
    (6, 38, 31, 0),
    (6, 38, 29, 0),
    (6, 38, 39, 0),
    (6, 38, 37, 0),
    (6, 38, 46, 0),
    (6, 38, 30, 0),
    (3, 38, 47, 0),
    (3, 38, 45, 0),
    (3, 38, 52, 35184372088832),
    (3, 38, 59, 4538783999459328),
    (3, 38, 31, 0),
    (3, 38, 29, 0),
    (3, 38, 20, 536870912),
    (3, 38, 11, 537919488),
    (3, 38, 2, 537921536),
    (4, 38, 39, 0),
    (4, 38, 37, 0),
    (4, 38, 36, 137438953472),
    (4, 38, 35, 206158430208),
    (4, 38, 34, 240518168576),
    (4, 38, 33, 257698037760),
    (4, 38, 32, 266287972352),
    (4, 38, 46, 0),
    (4, 38, 54, 70368744177664),
    (4, 38, 62, 18084767253659648),
    (4, 38, 30, 0),
    (4, 38, 22, 1073741824),
    (4, 38, 14, 1077936128),
    (4, 38, 6, 1077952512),
    (5, 38, 47, 0),
    (5, 38, 45, 0),
    (5, 38, 52, 35184372088832),
    (5, 38, 59, 4538783999459328),
    (5, 38, 31, 0),
    (5, 38, 29, 0),
    (5, 38, 20, 536870912),
    (5, 38, 11, 537919488),
    (5, 38, 2, 537921536),
    (5, 38, 39, 0),
    (5, 38, 37, 0),
    (5, 38, 36, 137438953472),
    (5, 38, 35, 206158430208),
    (5, 38, 34, 240518168576),
    (5, 38, 33, 257698037760),
    (5, 38, 32, 266287972352),
    (5, 38, 46, 0),
    (5, 38, 54, 70368744177664),
    (5, 38, 62, 18084767253659648),
    (5, 38, 30, 0),
    (5, 38, 22, 1073741824),
    (5, 38, 14, 1077936128),
    (5, 38, 6, 1077952512),
    (2, 39, 54, 0),
    (2, 39, 22, 0),
    (2, 39, 45, 0),
    (2, 39, 29, 0),
    (6, 39, 46, 0),
    (6, 39, 30, 0),
    (6, 39, 38, 0),
    (6, 39, 47, 0),
    (6, 39, 31, 0),
    (3, 39, 46, 0),
    (3, 39, 53, 70368744177664),
    (3, 39, 60, 9077567998918656),
    (3, 39, 30, 0),
    (3, 39, 21, 1073741824),
    (3, 39, 12, 1075838976),
    (3, 39, 3, 1075843072),
    (4, 39, 38, 0),
    (4, 39, 37, 274877906944),
    (4, 39, 36, 412316860416),
    (4, 39, 35, 481036337152),
    (4, 39, 34, 515396075520),
    (4, 39, 33, 532575944704),
    (4, 39, 32, 541165879296),
    (4, 39, 47, 0),
    (4, 39, 55, 140737488355328),
    (4, 39, 63, 36169534507319296),
    (4, 39, 31, 0),
    (4, 39, 23, 2147483648),
    (4, 39, 15, 2155872256),
    (4, 39, 7, 2155905024),
    (5, 39, 46, 0),
    (5, 39, 53, 70368744177664),
    (5, 39, 60, 9077567998918656),
    (5, 39, 30, 0),
    (5, 39, 21, 1073741824),
    (5, 39, 12, 1075838976),
    (5, 39, 3, 1075843072),
    (5, 39, 38, 0),
    (5, 39, 37, 274877906944),
    (5, 39, 36, 412316860416),
    (5, 39, 35, 481036337152),
    (5, 39, 34, 515396075520),
    (5, 39, 33, 532575944704),
    (5, 39, 32, 541165879296),
    (5, 39, 47, 0),
    (5, 39, 55, 140737488355328),
    (5, 39, 63, 36169534507319296),
    (5, 39, 31, 0),
    (5, 39, 23, 2147483648),
    (5, 39, 15, 2155872256),
    (5, 39, 7, 2155905024),
    (2, 40, 57, 0),
    (2, 40, 25, 0),
    (2, 40, 50, 0),
    (2, 40, 34, 0),
    (6, 40, 49, 0),
    (6, 40, 33, 0),
    (6, 40, 41, 0),
    (6, 40, 48, 0),
    (6, 40, 32, 0),
    (3, 40, 49, 0),
    (3, 40, 58, 562949953421312),
    (3, 40, 33, 0),
    (3, 40, 26, 8589934592),
    (3, 40, 19, 8657043456),
    (3, 40, 12, 8657567744),
    (3, 40, 5, 8657571840),
    (4, 40, 41, 0),
    (4, 40, 42, 2199023255552),
    (4, 40, 43, 6597069766656),
    (4, 40, 44, 15393162788864),
    (4, 40, 45, 32985348833280),
    (4, 40, 46, 68169720922112),
    (4, 40, 47, 138538465099776),
    (4, 40, 48, 0),
    (4, 40, 56, 281474976710656),
    (4, 40, 32, 0),
    (4, 40, 24, 4294967296),
    (4, 40, 16, 4311744512),
    (4, 40, 8, 4311810048),
    (4, 40, 0, 4311810304),
    (5, 40, 49, 0),
    (5, 40, 58, 562949953421312),
    (5, 40, 33, 0),
    (5, 40, 26, 8589934592),
    (5, 40, 19, 8657043456),
    (5, 40, 12, 8657567744),
    (5, 40, 5, 8657571840),
    (5, 40, 41, 0),
    (5, 40, 42, 2199023255552),
    (5, 40, 43, 6597069766656),
    (5, 40, 44, 15393162788864),
    (5, 40, 45, 32985348833280),
    (5, 40, 46, 68169720922112),
    (5, 40, 47, 138538465099776),
    (5, 40, 48, 0),
    (5, 40, 56, 281474976710656),
    (5, 40, 32, 0),
    (5, 40, 24, 4294967296),
    (5, 40, 16, 4311744512),
    (5, 40, 8, 4311810048),
    (5, 40, 0, 4311810304),
    (2, 41, 58, 0),
    (2, 41, 56, 0),
    (2, 41, 26, 0),
    (2, 41, 24, 0),
    (2, 41, 51, 0),
    (2, 41, 35, 0),
    (6, 41, 50, 0),
    (6, 41, 48, 0),
    (6, 41, 34, 0),
    (6, 41, 32, 0),
    (6, 41, 42, 0),
    (6, 41, 40, 0),
    (6, 41, 49, 0),
    (6, 41, 33, 0),
    (3, 41, 50, 0),
    (3, 41, 59, 1125899906842624),
    (3, 41, 48, 0),
    (3, 41, 34, 0),
    (3, 41, 27, 17179869184),
    (3, 41, 20, 17314086912),
    (3, 41, 13, 17315135488),
    (3, 41, 6, 17315143680),
    (3, 41, 32, 0),
    (4, 41, 42, 0),
    (4, 41, 43, 4398046511104),
    (4, 41, 44, 13194139533312),
    (4, 41, 45, 30786325577728),
    (4, 41, 46, 65970697666560),
    (4, 41, 47, 136339441844224),
    (4, 41, 40, 0),
    (4, 41, 49, 0),
    (4, 41, 57, 562949953421312),
    (4, 41, 33, 0),
    (4, 41, 25, 8589934592),
    (4, 41, 17, 8623489024),
    (4, 41, 9, 8623620096),
    (4, 41, 1, 8623620608),
    (5, 41, 50, 0),
    (5, 41, 59, 1125899906842624),
    (5, 41, 48, 0),
    (5, 41, 34, 0),
    (5, 41, 27, 17179869184),
    (5, 41, 20, 17314086912),
    (5, 41, 13, 17315135488),
    (5, 41, 6, 17315143680),
    (5, 41, 32, 0),
    (5, 41, 42, 0),
    (5, 41, 43, 4398046511104),
    (5, 41, 44, 13194139533312),
    (5, 41, 45, 30786325577728),
    (5, 41, 46, 65970697666560),
    (5, 41, 47, 136339441844224),
    (5, 41, 40, 0),
    (5, 41, 49, 0),
    (5, 41, 57, 562949953421312),
    (5, 41, 33, 0),
    (5, 41, 25, 8589934592),
    (5, 41, 17, 8623489024),
    (5, 41, 9, 8623620096),
    (5, 41, 1, 8623620608),
    (2, 42, 59, 0),
    (2, 42, 57, 0),
    (2, 42, 27, 0),
    (2, 42, 25, 0),
    (2, 42, 52, 0),
    (2, 42, 48, 0),
    (2, 42, 36, 0),
    (2, 42, 32, 0),
    (6, 42, 51, 0),
    (6, 42, 49, 0),
    (6, 42, 35, 0),
    (6, 42, 33, 0),
    (6, 42, 43, 0),
    (6, 42, 41, 0),
    (6, 42, 50, 0),
    (6, 42, 34, 0),
    (3, 42, 51, 0),
    (3, 42, 60, 2251799813685248),
    (3, 42, 49, 0),
    (3, 42, 56, 562949953421312),
    (3, 42, 35, 0),
    (3, 42, 28, 34359738368),
    (3, 42, 21, 34628173824),
    (3, 42, 14, 34630270976),
    (3, 42, 7, 34630287360),
    (3, 42, 33, 0),
    (3, 42, 24, 8589934592),
    (4, 42, 43, 0),
    (4, 42, 44, 8796093022208),
    (4, 42, 45, 26388279066624),
    (4, 42, 46, 61572651155456),
    (4, 42, 47, 131941395333120),
    (4, 42, 41, 0),
    (4, 42, 40, 2199023255552),
    (4, 42, 50, 0),
    (4, 42, 58, 1125899906842624),
    (4, 42, 34, 0),
    (4, 42, 26, 17179869184),
    (4, 42, 18, 17246978048),
    (4, 42, 10, 17247240192),
    (4, 42, 2, 17247241216),
    (5, 42, 51, 0),
    (5, 42, 60, 2251799813685248),
    (5, 42, 49, 0),
    (5, 42, 56, 562949953421312),
    (5, 42, 35, 0),
    (5, 42, 28, 34359738368),
    (5, 42, 21, 34628173824),
    (5, 42, 14, 34630270976),
    (5, 42, 7, 34630287360),
    (5, 42, 33, 0),
    (5, 42, 24, 8589934592),
    (5, 42, 43, 0),
    (5, 42, 44, 8796093022208),
    (5, 42, 45, 26388279066624),
    (5, 42, 46, 61572651155456),
    (5, 42, 47, 131941395333120),
    (5, 42, 41, 0),
    (5, 42, 40, 2199023255552),
    (5, 42, 50, 0),
    (5, 42, 58, 1125899906842624),
    (5, 42, 34, 0),
    (5, 42, 26, 17179869184),
    (5, 42, 18, 17246978048),
    (5, 42, 10, 17247240192),
    (5, 42, 2, 17247241216),
    (2, 43, 60, 0),
    (2, 43, 58, 0),
    (2, 43, 28, 0),
    (2, 43, 26, 0),
    (2, 43, 53, 0),
    (2, 43, 49, 0),
    (2, 43, 37, 0),
    (2, 43, 33, 0),
    (6, 43, 52, 0),
    (6, 43, 50, 0),
    (6, 43, 36, 0),
    (6, 43, 34, 0),
    (6, 43, 44, 0),
    (6, 43, 42, 0),
    (6, 43, 51, 0),
    (6, 43, 35, 0),
    (3, 43, 52, 0),
    (3, 43, 61, 4503599627370496),
    (3, 43, 50, 0),
    (3, 43, 57, 1125899906842624),
    (3, 43, 36, 0),
    (3, 43, 29, 68719476736),
    (3, 43, 22, 69256347648),
    (3, 43, 15, 69260541952),
    (3, 43, 34, 0),
    (3, 43, 25, 17179869184),
    (3, 43, 16, 17213423616),
    (4, 43, 44, 0),
    (4, 43, 45, 17592186044416),
    (4, 43, 46, 52776558133248),
    (4, 43, 47, 123145302310912),
    (4, 43, 42, 0),
    (4, 43, 41, 4398046511104),
    (4, 43, 40, 6597069766656),
    (4, 43, 51, 0),
    (4, 43, 59, 2251799813685248),
    (4, 43, 35, 0),
    (4, 43, 27, 34359738368),
    (4, 43, 19, 34493956096),
    (4, 43, 11, 34494480384),
    (4, 43, 3, 34494482432),
    (5, 43, 52, 0),
    (5, 43, 61, 4503599627370496),
    (5, 43, 50, 0),
    (5, 43, 57, 1125899906842624),
    (5, 43, 36, 0),
    (5, 43, 29, 68719476736),
    (5, 43, 22, 69256347648),
    (5, 43, 15, 69260541952),
    (5, 43, 34, 0),
    (5, 43, 25, 17179869184),
    (5, 43, 16, 17213423616),
    (5, 43, 44, 0),
    (5, 43, 45, 17592186044416),
    (5, 43, 46, 52776558133248),
    (5, 43, 47, 123145302310912),
    (5, 43, 42, 0),
    (5, 43, 41, 4398046511104),
    (5, 43, 40, 6597069766656),
    (5, 43, 51, 0),
    (5, 43, 59, 2251799813685248),
    (5, 43, 35, 0),
    (5, 43, 27, 34359738368),
    (5, 43, 19, 34493956096),
    (5, 43, 11, 34494480384),
    (5, 43, 3, 34494482432),
    (2, 44, 61, 0),
    (2, 44, 59, 0),
    (2, 44, 29, 0),
    (2, 44, 27, 0),
    (2, 44, 54, 0),
    (2, 44, 50, 0),
    (2, 44, 38, 0),
    (2, 44, 34, 0),
    (6, 44, 53, 0),
    (6, 44, 51, 0),
    (6, 44, 37, 0),
    (6, 44, 35, 0),
    (6, 44, 45, 0),
    (6, 44, 43, 0),
    (6, 44, 52, 0),
    (6, 44, 36, 0),
    (3, 44, 53, 0),
    (3, 44, 62, 9007199254740992),
    (3, 44, 51, 0),
    (3, 44, 58, 2251799813685248),
    (3, 44, 37, 0),
    (3, 44, 30, 137438953472),
    (3, 44, 23, 138512695296),
    (3, 44, 35, 0),
    (3, 44, 26, 34359738368),
    (3, 44, 17, 34426847232),
    (3, 44, 8, 34426978304),
    (4, 44, 45, 0),
    (4, 44, 46, 35184372088832),
    (4, 44, 47, 105553116266496),
    (4, 44, 43, 0),
    (4, 44, 42, 8796093022208),
    (4, 44, 41, 13194139533312),
    (4, 44, 40, 15393162788864),
    (4, 44, 52, 0),
    (4, 44, 60, 4503599627370496),
    (4, 44, 36, 0),
    (4, 44, 28, 68719476736),
    (4, 44, 20, 68987912192),
    (4, 44, 12, 68988960768),
    (4, 44, 4, 68988964864),
    (5, 44, 53, 0),
    (5, 44, 62, 9007199254740992),
    (5, 44, 51, 0),
    (5, 44, 58, 2251799813685248),
    (5, 44, 37, 0),
    (5, 44, 30, 137438953472),
    (5, 44, 23, 138512695296),
    (5, 44, 35, 0),
    (5, 44, 26, 34359738368),
    (5, 44, 17, 34426847232),
    (5, 44, 8, 34426978304),
    (5, 44, 45, 0),
    (5, 44, 46, 35184372088832),
    (5, 44, 47, 105553116266496),
    (5, 44, 43, 0),
    (5, 44, 42, 8796093022208),
    (5, 44, 41, 13194139533312),
    (5, 44, 40, 15393162788864),
    (5, 44, 52, 0),
    (5, 44, 60, 4503599627370496),
    (5, 44, 36, 0),
    (5, 44, 28, 68719476736),
    (5, 44, 20, 68987912192),
    (5, 44, 12, 68988960768),
    (5, 44, 4, 68988964864),
    (2, 45, 62, 0),
    (2, 45, 60, 0),
    (2, 45, 30, 0),
    (2, 45, 28, 0),
    (2, 45, 55, 0),
    (2, 45, 51, 0),
    (2, 45, 39, 0),
    (2, 45, 35, 0),
    (6, 45, 54, 0),
    (6, 45, 52, 0),
    (6, 45, 38, 0),
    (6, 45, 36, 0),
    (6, 45, 46, 0),
    (6, 45, 44, 0),
    (6, 45, 53, 0),
    (6, 45, 37, 0),
    (3, 45, 54, 0),
    (3, 45, 63, 18014398509481984),
    (3, 45, 52, 0),
    (3, 45, 59, 4503599627370496),
    (3, 45, 38, 0),
    (3, 45, 31, 274877906944),
    (3, 45, 36, 0),
    (3, 45, 27, 68719476736),
    (3, 45, 18, 68853694464),
    (3, 45, 9, 68853956608),
    (3, 45, 0, 68853957120),
    (4, 45, 46, 0),
    (4, 45, 47, 70368744177664),
    (4, 45, 44, 0),
    (4, 45, 43, 17592186044416),
    (4, 45, 42, 26388279066624),
    (4, 45, 41, 30786325577728),
    (4, 45, 40, 32985348833280),
    (4, 45, 53, 0),
    (4, 45, 61, 9007199254740992),
    (4, 45, 37, 0),
    (4, 45, 29, 137438953472),
    (4, 45, 21, 137975824384),
    (4, 45, 13, 137977921536),
    (4, 45, 5, 137977929728),
    (5, 45, 54, 0),
    (5, 45, 63, 18014398509481984),
    (5, 45, 52, 0),
    (5, 45, 59, 4503599627370496),
    (5, 45, 38, 0),
    (5, 45, 31, 274877906944),
    (5, 45, 36, 0),
    (5, 45, 27, 68719476736),
    (5, 45, 18, 68853694464),
    (5, 45, 9, 68853956608),
    (5, 45, 0, 68853957120),
    (5, 45, 46, 0),
    (5, 45, 47, 70368744177664),
    (5, 45, 44, 0),
    (5, 45, 43, 17592186044416),
    (5, 45, 42, 26388279066624),
    (5, 45, 41, 30786325577728),
    (5, 45, 40, 32985348833280),
    (5, 45, 53, 0),
    (5, 45, 61, 9007199254740992),
    (5, 45, 37, 0),
    (5, 45, 29, 137438953472),
    (5, 45, 21, 137975824384),
    (5, 45, 13, 137977921536),
    (5, 45, 5, 137977929728),
    (2, 46, 63, 0),
    (2, 46, 61, 0),
    (2, 46, 31, 0),
    (2, 46, 29, 0),
    (2, 46, 52, 0),
    (2, 46, 36, 0),
    (6, 46, 55, 0),
    (6, 46, 53, 0),
    (6, 46, 39, 0),
    (6, 46, 37, 0),
    (6, 46, 47, 0),
    (6, 46, 45, 0),
    (6, 46, 54, 0),
    (6, 46, 38, 0),
    (3, 46, 55, 0),
    (3, 46, 53, 0),
    (3, 46, 60, 9007199254740992),
    (3, 46, 39, 0),
    (3, 46, 37, 0),
    (3, 46, 28, 137438953472),
    (3, 46, 19, 137707388928),
    (3, 46, 10, 137707913216),
    (3, 46, 1, 137707914240),
    (4, 46, 47, 0),
    (4, 46, 45, 0),
    (4, 46, 44, 35184372088832),
    (4, 46, 43, 52776558133248),
    (4, 46, 42, 61572651155456),
    (4, 46, 41, 65970697666560),
    (4, 46, 40, 68169720922112),
    (4, 46, 54, 0),
    (4, 46, 62, 18014398509481984),
    (4, 46, 38, 0),
    (4, 46, 30, 274877906944),
    (4, 46, 22, 275951648768),
    (4, 46, 14, 275955843072),
    (4, 46, 6, 275955859456),
    (5, 46, 55, 0),
    (5, 46, 53, 0),
    (5, 46, 60, 9007199254740992),
    (5, 46, 39, 0),
    (5, 46, 37, 0),
    (5, 46, 28, 137438953472),
    (5, 46, 19, 137707388928),
    (5, 46, 10, 137707913216),
    (5, 46, 1, 137707914240),
    (5, 46, 47, 0),
    (5, 46, 45, 0),
    (5, 46, 44, 35184372088832),
    (5, 46, 43, 52776558133248),
    (5, 46, 42, 61572651155456),
    (5, 46, 41, 65970697666560),
    (5, 46, 40, 68169720922112),
    (5, 46, 54, 0),
    (5, 46, 62, 18014398509481984),
    (5, 46, 38, 0),
    (5, 46, 30, 274877906944),
    (5, 46, 22, 275951648768),
    (5, 46, 14, 275955843072),
    (5, 46, 6, 275955859456),
    (2, 47, 62, 0),
    (2, 47, 30, 0),
    (2, 47, 53, 0),
    (2, 47, 37, 0),
    (6, 47, 54, 0),
    (6, 47, 38, 0),
    (6, 47, 46, 0),
    (6, 47, 55, 0),
    (6, 47, 39, 0),
    (3, 47, 54, 0),
    (3, 47, 61, 18014398509481984),
    (3, 47, 38, 0),
    (3, 47, 29, 274877906944),
    (3, 47, 20, 275414777856),
    (3, 47, 11, 275415826432),
    (3, 47, 2, 275415828480),
    (4, 47, 46, 0),
    (4, 47, 45, 70368744177664),
    (4, 47, 44, 105553116266496),
    (4, 47, 43, 123145302310912),
    (4, 47, 42, 131941395333120),
    (4, 47, 41, 136339441844224),
    (4, 47, 40, 138538465099776),
    (4, 47, 55, 0),
    (4, 47, 63, 36028797018963968),
    (4, 47, 39, 0),
    (4, 47, 31, 549755813888),
    (4, 47, 23, 551903297536),
    (4, 47, 15, 551911686144),
    (4, 47, 7, 551911718912),
    (5, 47, 54, 0),
    (5, 47, 61, 18014398509481984),
    (5, 47, 38, 0),
    (5, 47, 29, 274877906944),
    (5, 47, 20, 275414777856),
    (5, 47, 11, 275415826432),
    (5, 47, 2, 275415828480),
    (5, 47, 46, 0),
    (5, 47, 45, 70368744177664),
    (5, 47, 44, 105553116266496),
    (5, 47, 43, 123145302310912),
    (5, 47, 42, 131941395333120),
    (5, 47, 41, 136339441844224),
    (5, 47, 40, 138538465099776),
    (5, 47, 55, 0),
    (5, 47, 63, 36028797018963968),
    (5, 47, 39, 0),
    (5, 47, 31, 549755813888),
    (5, 47, 23, 551903297536),
    (5, 47, 15, 551911686144),
    (5, 47, 7, 551911718912),
    (2, 48, 33, 0),
    (2, 48, 58, 0),
    (2, 48, 42, 0),
    (6, 48, 57, 0),
    (6, 48, 41, 0),
    (6, 48, 49, 0),
    (6, 48, 56, 0),
    (6, 48, 40, 0),
    (3, 48, 57, 0),
    (3, 48, 41, 0),
    (3, 48, 34, 2199023255552),
    (3, 48, 27, 2216203124736),
    (3, 48, 20, 2216337342464),
    (3, 48, 13, 2216338391040),
    (3, 48, 6, 2216338399232),
    (4, 48, 49, 0),
    (4, 48, 50, 562949953421312),
    (4, 48, 51, 1688849860263936),
    (4, 48, 52, 3940649673949184),
    (4, 48, 53, 8444249301319680),
    (4, 48, 54, 17451448556060672),
    (4, 48, 55, 35465847065542656),
    (4, 48, 56, 0),
    (4, 48, 40, 0),
    (4, 48, 32, 1099511627776),
    (4, 48, 24, 1103806595072),
    (4, 48, 16, 1103823372288),
    (4, 48, 8, 1103823437824),
    (4, 48, 0, 1103823438080),
    (5, 48, 57, 0),
    (5, 48, 41, 0),
    (5, 48, 34, 2199023255552),
    (5, 48, 27, 2216203124736),
    (5, 48, 20, 2216337342464),
    (5, 48, 13, 2216338391040),
    (5, 48, 6, 2216338399232),
    (5, 48, 49, 0),
    (5, 48, 50, 562949953421312),
    (5, 48, 51, 1688849860263936),
    (5, 48, 52, 3940649673949184),
    (5, 48, 53, 8444249301319680),
    (5, 48, 54, 17451448556060672),
    (5, 48, 55, 35465847065542656),
    (5, 48, 56, 0),
    (5, 48, 40, 0),
    (5, 48, 32, 1099511627776),
    (5, 48, 24, 1103806595072),
    (5, 48, 16, 1103823372288),
    (5, 48, 8, 1103823437824),
    (5, 48, 0, 1103823438080),
    (2, 49, 34, 0),
    (2, 49, 32, 0),
    (2, 49, 59, 0),
    (2, 49, 43, 0),
    (6, 49, 58, 0),
    (6, 49, 56, 0),
    (6, 49, 42, 0),
    (6, 49, 40, 0),
    (6, 49, 50, 0),
    (6, 49, 48, 0),
    (6, 49, 57, 0),
    (6, 49, 41, 0),
    (3, 49, 58, 0),
    (3, 49, 56, 0),
    (3, 49, 42, 0),
    (3, 49, 35, 4398046511104),
    (3, 49, 28, 4432406249472),
    (3, 49, 21, 4432674684928),
    (3, 49, 14, 4432676782080),
    (3, 49, 7, 4432676798464),
    (3, 49, 40, 0),
    (4, 49, 50, 0),
    (4, 49, 51, 1125899906842624),
    (4, 49, 52, 3377699720527872),
    (4, 49, 53, 7881299347898368),
    (4, 49, 54, 16888498602639360),
    (4, 49, 55, 34902897112121344),
    (4, 49, 48, 0),
    (4, 49, 57, 0),
    (4, 49, 41, 0),
    (4, 49, 33, 2199023255552),
    (4, 49, 25, 2207613190144),
    (4, 49, 17, 2207646744576),
    (4, 49, 9, 2207646875648),
    (4, 49, 1, 2207646876160),
    (5, 49, 58, 0),
    (5, 49, 56, 0),
    (5, 49, 42, 0),
    (5, 49, 35, 4398046511104),
    (5, 49, 28, 4432406249472),
    (5, 49, 21, 4432674684928),
    (5, 49, 14, 4432676782080),
    (5, 49, 7, 4432676798464),
    (5, 49, 40, 0),
    (5, 49, 50, 0),
    (5, 49, 51, 1125899906842624),
    (5, 49, 52, 3377699720527872),
    (5, 49, 53, 7881299347898368),
    (5, 49, 54, 16888498602639360),
    (5, 49, 55, 34902897112121344),
    (5, 49, 48, 0),
    (5, 49, 57, 0),
    (5, 49, 41, 0),
    (5, 49, 33, 2199023255552),
    (5, 49, 25, 2207613190144),
    (5, 49, 17, 2207646744576),
    (5, 49, 9, 2207646875648),
    (5, 49, 1, 2207646876160),
    (2, 50, 35, 0),
    (2, 50, 33, 0),
    (2, 50, 60, 0),
    (2, 50, 56, 0),
    (2, 50, 44, 0),
    (2, 50, 40, 0),
    (6, 50, 59, 0),
    (6, 50, 57, 0),
    (6, 50, 43, 0),
    (6, 50, 41, 0),
    (6, 50, 51, 0),
    (6, 50, 49, 0),
    (6, 50, 58, 0),
    (6, 50, 42, 0),
    (3, 50, 59, 0),
    (3, 50, 57, 0),
    (3, 50, 43, 0),
    (3, 50, 36, 8796093022208),
    (3, 50, 29, 8864812498944),
    (3, 50, 22, 8865349369856),
    (3, 50, 15, 8865353564160),
    (3, 50, 41, 0),
    (3, 50, 32, 2199023255552),
    (4, 50, 51, 0),
    (4, 50, 52, 2251799813685248),
    (4, 50, 53, 6755399441055744),
    (4, 50, 54, 15762598695796736),
    (4, 50, 55, 33776997205278720),
    (4, 50, 49, 0),
    (4, 50, 48, 562949953421312),
    (4, 50, 58, 0),
    (4, 50, 42, 0),
    (4, 50, 34, 4398046511104),
    (4, 50, 26, 4415226380288),
    (4, 50, 18, 4415293489152),
    (4, 50, 10, 4415293751296),
    (4, 50, 2, 4415293752320),
    (5, 50, 59, 0),
    (5, 50, 57, 0),
    (5, 50, 43, 0),
    (5, 50, 36, 8796093022208),
    (5, 50, 29, 8864812498944),
    (5, 50, 22, 8865349369856),
    (5, 50, 15, 8865353564160),
    (5, 50, 41, 0),
    (5, 50, 32, 2199023255552),
    (5, 50, 51, 0),
    (5, 50, 52, 2251799813685248),
    (5, 50, 53, 6755399441055744),
    (5, 50, 54, 15762598695796736),
    (5, 50, 55, 33776997205278720),
    (5, 50, 49, 0),
    (5, 50, 48, 562949953421312),
    (5, 50, 58, 0),
    (5, 50, 42, 0),
    (5, 50, 34, 4398046511104),
    (5, 50, 26, 4415226380288),
    (5, 50, 18, 4415293489152),
    (5, 50, 10, 4415293751296),
    (5, 50, 2, 4415293752320),
    (2, 51, 36, 0),
    (2, 51, 34, 0),
    (2, 51, 61, 0),
    (2, 51, 57, 0),
    (2, 51, 45, 0),
    (2, 51, 41, 0),
    (6, 51, 60, 0),
    (6, 51, 58, 0),
    (6, 51, 44, 0),
    (6, 51, 42, 0),
    (6, 51, 52, 0),
    (6, 51, 50, 0),
    (6, 51, 59, 0),
    (6, 51, 43, 0),
    (3, 51, 60, 0),
    (3, 51, 58, 0),
    (3, 51, 44, 0),
    (3, 51, 37, 17592186044416),
    (3, 51, 30, 17729624997888),
    (3, 51, 23, 17730698739712),
    (3, 51, 42, 0),
    (3, 51, 33, 4398046511104),
    (3, 51, 24, 4406636445696),
    (4, 51, 52, 0),
    (4, 51, 53, 4503599627370496),
    (4, 51, 54, 13510798882111488),
    (4, 51, 55, 31525197391593472),
    (4, 51, 50, 0),
    (4, 51, 49, 1125899906842624),
    (4, 51, 48, 1688849860263936),
    (4, 51, 59, 0),
    (4, 51, 43, 0),
    (4, 51, 35, 8796093022208),
    (4, 51, 27, 8830452760576),
    (4, 51, 19, 8830586978304),
    (4, 51, 11, 8830587502592),
    (4, 51, 3, 8830587504640),
    (5, 51, 60, 0),
    (5, 51, 58, 0),
    (5, 51, 44, 0),
    (5, 51, 37, 17592186044416),
    (5, 51, 30, 17729624997888),
    (5, 51, 23, 17730698739712),
    (5, 51, 42, 0),
    (5, 51, 33, 4398046511104),
    (5, 51, 24, 4406636445696),
    (5, 51, 52, 0),
    (5, 51, 53, 4503599627370496),
    (5, 51, 54, 13510798882111488),
    (5, 51, 55, 31525197391593472),
    (5, 51, 50, 0),
    (5, 51, 49, 1125899906842624),
    (5, 51, 48, 1688849860263936),
    (5, 51, 59, 0),
    (5, 51, 43, 0),
    (5, 51, 35, 8796093022208),
    (5, 51, 27, 8830452760576),
    (5, 51, 19, 8830586978304),
    (5, 51, 11, 8830587502592),
    (5, 51, 3, 8830587504640),
    (2, 52, 37, 0),
    (2, 52, 35, 0),
    (2, 52, 62, 0),
    (2, 52, 58, 0),
    (2, 52, 46, 0),
    (2, 52, 42, 0),
    (6, 52, 61, 0),
    (6, 52, 59, 0),
    (6, 52, 45, 0),
    (6, 52, 43, 0),
    (6, 52, 53, 0),
    (6, 52, 51, 0),
    (6, 52, 60, 0),
    (6, 52, 44, 0),
    (3, 52, 61, 0),
    (3, 52, 59, 0),
    (3, 52, 45, 0),
    (3, 52, 38, 35184372088832),
    (3, 52, 31, 35459249995776),
    (3, 52, 43, 0),
    (3, 52, 34, 8796093022208),
    (3, 52, 25, 8813272891392),
    (3, 52, 16, 8813306445824),
    (4, 52, 53, 0),
    (4, 52, 54, 9007199254740992),
    (4, 52, 55, 27021597764222976),
    (4, 52, 51, 0),
    (4, 52, 50, 2251799813685248),
    (4, 52, 49, 3377699720527872),
    (4, 52, 48, 3940649673949184),
    (4, 52, 60, 0),
    (4, 52, 44, 0),
    (4, 52, 36, 17592186044416),
    (4, 52, 28, 17660905521152),
    (4, 52, 20, 17661173956608),
    (4, 52, 12, 17661175005184),
    (4, 52, 4, 17661175009280),
    (5, 52, 61, 0),
    (5, 52, 59, 0),
    (5, 52, 45, 0),
    (5, 52, 38, 35184372088832),
    (5, 52, 31, 35459249995776),
    (5, 52, 43, 0),
    (5, 52, 34, 8796093022208),
    (5, 52, 25, 8813272891392),
    (5, 52, 16, 8813306445824),
    (5, 52, 53, 0),
    (5, 52, 54, 9007199254740992),
    (5, 52, 55, 27021597764222976),
    (5, 52, 51, 0),
    (5, 52, 50, 2251799813685248),
    (5, 52, 49, 3377699720527872),
    (5, 52, 48, 3940649673949184),
    (5, 52, 60, 0),
    (5, 52, 44, 0),
    (5, 52, 36, 17592186044416),
    (5, 52, 28, 17660905521152),
    (5, 52, 20, 17661173956608),
    (5, 52, 12, 17661175005184),
    (5, 52, 4, 17661175009280),
    (2, 53, 38, 0),
    (2, 53, 36, 0),
    (2, 53, 63, 0),
    (2, 53, 59, 0),
    (2, 53, 47, 0),
    (2, 53, 43, 0),
    (6, 53, 62, 0),
    (6, 53, 60, 0),
    (6, 53, 46, 0),
    (6, 53, 44, 0),
    (6, 53, 54, 0),
    (6, 53, 52, 0),
    (6, 53, 61, 0),
    (6, 53, 45, 0),
    (3, 53, 62, 0),
    (3, 53, 60, 0),
    (3, 53, 46, 0),
    (3, 53, 39, 70368744177664),
    (3, 53, 44, 0),
    (3, 53, 35, 17592186044416),
    (3, 53, 26, 17626545782784),
    (3, 53, 17, 17626612891648),
    (3, 53, 8, 17626613022720),
    (4, 53, 54, 0),
    (4, 53, 55, 18014398509481984),
    (4, 53, 52, 0),
    (4, 53, 51, 4503599627370496),
    (4, 53, 50, 6755399441055744),
    (4, 53, 49, 7881299347898368),
    (4, 53, 48, 8444249301319680),
    (4, 53, 61, 0),
    (4, 53, 45, 0),
    (4, 53, 37, 35184372088832),
    (4, 53, 29, 35321811042304),
    (4, 53, 21, 35322347913216),
    (4, 53, 13, 35322350010368),
    (4, 53, 5, 35322350018560),
    (5, 53, 62, 0),
    (5, 53, 60, 0),
    (5, 53, 46, 0),
    (5, 53, 39, 70368744177664),
    (5, 53, 44, 0),
    (5, 53, 35, 17592186044416),
    (5, 53, 26, 17626545782784),
    (5, 53, 17, 17626612891648),
    (5, 53, 8, 17626613022720),
    (5, 53, 54, 0),
    (5, 53, 55, 18014398509481984),
    (5, 53, 52, 0),
    (5, 53, 51, 4503599627370496),
    (5, 53, 50, 6755399441055744),
    (5, 53, 49, 7881299347898368),
    (5, 53, 48, 8444249301319680),
    (5, 53, 61, 0),
    (5, 53, 45, 0),
    (5, 53, 37, 35184372088832),
    (5, 53, 29, 35321811042304),
    (5, 53, 21, 35322347913216),
    (5, 53, 13, 35322350010368),
    (5, 53, 5, 35322350018560),
    (2, 54, 39, 0),
    (2, 54, 37, 0),
    (2, 54, 60, 0),
    (2, 54, 44, 0),
    (6, 54, 63, 0),
    (6, 54, 61, 0),
    (6, 54, 47, 0),
    (6, 54, 45, 0),
    (6, 54, 55, 0),
    (6, 54, 53, 0),
    (6, 54, 62, 0),
    (6, 54, 46, 0),
    (3, 54, 63, 0),
    (3, 54, 61, 0),
    (3, 54, 47, 0),
    (3, 54, 45, 0),
    (3, 54, 36, 35184372088832),
    (3, 54, 27, 35253091565568),
    (3, 54, 18, 35253225783296),
    (3, 54, 9, 35253226045440),
    (3, 54, 0, 35253226045952),
    (4, 54, 55, 0),
    (4, 54, 53, 0),
    (4, 54, 52, 9007199254740992),
    (4, 54, 51, 13510798882111488),
    (4, 54, 50, 15762598695796736),
    (4, 54, 49, 16888498602639360),
    (4, 54, 48, 17451448556060672),
    (4, 54, 62, 0),
    (4, 54, 46, 0),
    (4, 54, 38, 70368744177664),
    (4, 54, 30, 70643622084608),
    (4, 54, 22, 70644695826432),
    (4, 54, 14, 70644700020736),
    (4, 54, 6, 70644700037120),
    (5, 54, 63, 0),
    (5, 54, 61, 0),
    (5, 54, 47, 0),
    (5, 54, 45, 0),
    (5, 54, 36, 35184372088832),
    (5, 54, 27, 35253091565568),
    (5, 54, 18, 35253225783296),
    (5, 54, 9, 35253226045440),
    (5, 54, 0, 35253226045952),
    (5, 54, 55, 0),
    (5, 54, 53, 0),
    (5, 54, 52, 9007199254740992),
    (5, 54, 51, 13510798882111488),
    (5, 54, 50, 15762598695796736),
    (5, 54, 49, 16888498602639360),
    (5, 54, 48, 17451448556060672),
    (5, 54, 62, 0),
    (5, 54, 46, 0),
    (5, 54, 38, 70368744177664),
    (5, 54, 30, 70643622084608),
    (5, 54, 22, 70644695826432),
    (5, 54, 14, 70644700020736),
    (5, 54, 6, 70644700037120),
    (2, 55, 38, 0),
    (2, 55, 61, 0),
    (2, 55, 45, 0),
    (6, 55, 62, 0),
    (6, 55, 46, 0),
    (6, 55, 54, 0),
    (6, 55, 63, 0),
    (6, 55, 47, 0),
    (3, 55, 62, 0),
    (3, 55, 46, 0),
    (3, 55, 37, 70368744177664),
    (3, 55, 28, 70506183131136),
    (3, 55, 19, 70506451566592),
    (3, 55, 10, 70506452090880),
    (3, 55, 1, 70506452091904),
    (4, 55, 54, 0),
    (4, 55, 53, 18014398509481984),
    (4, 55, 52, 27021597764222976),
    (4, 55, 51, 31525197391593472),
    (4, 55, 50, 33776997205278720),
    (4, 55, 49, 34902897112121344),
    (4, 55, 48, 35465847065542656),
    (4, 55, 63, 0),
    (4, 55, 47, 0),
    (4, 55, 39, 140737488355328),
    (4, 55, 31, 141287244169216),
    (4, 55, 23, 141289391652864),
    (4, 55, 15, 141289400041472),
    (4, 55, 7, 141289400074240),
    (5, 55, 62, 0),
    (5, 55, 46, 0),
    (5, 55, 37, 70368744177664),
    (5, 55, 28, 70506183131136),
    (5, 55, 19, 70506451566592),
    (5, 55, 10, 70506452090880),
    (5, 55, 1, 70506452091904),
    (5, 55, 54, 0),
    (5, 55, 53, 18014398509481984),
    (5, 55, 52, 27021597764222976),
    (5, 55, 51, 31525197391593472),
    (5, 55, 50, 33776997205278720),
    (5, 55, 49, 34902897112121344),
    (5, 55, 48, 35465847065542656),
    (5, 55, 63, 0),
    (5, 55, 47, 0),
    (5, 55, 39, 140737488355328),
    (5, 55, 31, 141287244169216),
    (5, 55, 23, 141289391652864),
    (5, 55, 15, 141289400041472),
    (5, 55, 7, 141289400074240),
    (2, 56, 41, 0),
    (2, 56, 50, 0),
    (6, 56, 49, 0),
    (6, 56, 57, 0),
    (6, 56, 48, 0),
    (3, 56, 49, 0),
    (3, 56, 42, 562949953421312),
    (3, 56, 35, 567347999932416),
    (3, 56, 28, 567382359670784),
    (3, 56, 21, 567382628106240),
    (3, 56, 14, 567382630203392),
    (3, 56, 7, 567382630219776),
    (4, 56, 57, 0),
    (4, 56, 58, 144115188075855872),
    (4, 56, 59, 432345564227567616),
    (4, 56, 60, 1008806316530991104),
    (4, 56, 61, 2161727821137838080),
    (4, 56, 62, 4467570830351532032),
    (4, 56, 63, 9079256848778919936),
    (4, 56, 48, 0),
    (4, 56, 40, 281474976710656),
    (4, 56, 32, 282574488338432),
    (4, 56, 24, 282578783305728),
    (4, 56, 16, 282578800082944),
    (4, 56, 8, 282578800148480),
    (4, 56, 0, 282578800148736),
    (5, 56, 49, 0),
    (5, 56, 42, 562949953421312),
    (5, 56, 35, 567347999932416),
    (5, 56, 28, 567382359670784),
    (5, 56, 21, 567382628106240),
    (5, 56, 14, 567382630203392),
    (5, 56, 7, 567382630219776),
    (5, 56, 57, 0),
    (5, 56, 58, 144115188075855872),
    (5, 56, 59, 432345564227567616),
    (5, 56, 60, 1008806316530991104),
    (5, 56, 61, 2161727821137838080),
    (5, 56, 62, 4467570830351532032),
    (5, 56, 63, 9079256848778919936),
    (5, 56, 48, 0),
    (5, 56, 40, 281474976710656),
    (5, 56, 32, 282574488338432),
    (5, 56, 24, 282578783305728),
    (5, 56, 16, 282578800082944),
    (5, 56, 8, 282578800148480),
    (5, 56, 0, 282578800148736),
    (2, 57, 42, 0),
    (2, 57, 40, 0),
    (2, 57, 51, 0),
    (6, 57, 50, 0),
    (6, 57, 48, 0),
    (6, 57, 58, 0),
    (6, 57, 56, 0),
    (6, 57, 49, 0),
    (3, 57, 50, 0),
    (3, 57, 43, 1125899906842624),
    (3, 57, 36, 1134695999864832),
    (3, 57, 29, 1134764719341568),
    (3, 57, 22, 1134765256212480),
    (3, 57, 15, 1134765260406784),
    (3, 57, 48, 0),
    (4, 57, 58, 0),
    (4, 57, 59, 288230376151711744),
    (4, 57, 60, 864691128455135232),
    (4, 57, 61, 2017612633061982208),
    (4, 57, 62, 4323455642275676160),
    (4, 57, 63, 8935141660703064064),
    (4, 57, 56, 0),
    (4, 57, 49, 0),
    (4, 57, 41, 562949953421312),
    (4, 57, 33, 565148976676864),
    (4, 57, 25, 565157566611456),
    (4, 57, 17, 565157600165888),
    (4, 57, 9, 565157600296960),
    (4, 57, 1, 565157600297472),
    (5, 57, 50, 0),
    (5, 57, 43, 1125899906842624),
    (5, 57, 36, 1134695999864832),
    (5, 57, 29, 1134764719341568),
    (5, 57, 22, 1134765256212480),
    (5, 57, 15, 1134765260406784),
    (5, 57, 48, 0),
    (5, 57, 58, 0),
    (5, 57, 59, 288230376151711744),
    (5, 57, 60, 864691128455135232),
    (5, 57, 61, 2017612633061982208),
    (5, 57, 62, 4323455642275676160),
    (5, 57, 63, 8935141660703064064),
    (5, 57, 56, 0),
    (5, 57, 49, 0),
    (5, 57, 41, 562949953421312),
    (5, 57, 33, 565148976676864),
    (5, 57, 25, 565157566611456),
    (5, 57, 17, 565157600165888),
    (5, 57, 9, 565157600296960),
    (5, 57, 1, 565157600297472),
    (2, 58, 43, 0),
    (2, 58, 41, 0),
    (2, 58, 52, 0),
    (2, 58, 48, 0),
    (6, 58, 51, 0),
    (6, 58, 49, 0),
    (6, 58, 59, 0),
    (6, 58, 57, 0),
    (6, 58, 50, 0),
    (3, 58, 51, 0),
    (3, 58, 44, 2251799813685248),
    (3, 58, 37, 2269391999729664),
    (3, 58, 30, 2269529438683136),
    (3, 58, 23, 2269530512424960),
    (3, 58, 49, 0),
    (3, 58, 40, 562949953421312),
    (4, 58, 59, 0),
    (4, 58, 60, 576460752303423488),
    (4, 58, 61, 1729382256910270464),
    (4, 58, 62, 4035225266123964416),
    (4, 58, 63, 8646911284551352320),
    (4, 58, 57, 0),
    (4, 58, 56, 144115188075855872),
    (4, 58, 50, 0),
    (4, 58, 42, 1125899906842624),
    (4, 58, 34, 1130297953353728),
    (4, 58, 26, 1130315133222912),
    (4, 58, 18, 1130315200331776),
    (4, 58, 10, 1130315200593920),
    (4, 58, 2, 1130315200594944),
    (5, 58, 51, 0),
    (5, 58, 44, 2251799813685248),
    (5, 58, 37, 2269391999729664),
    (5, 58, 30, 2269529438683136),
    (5, 58, 23, 2269530512424960),
    (5, 58, 49, 0),
    (5, 58, 40, 562949953421312),
    (5, 58, 59, 0),
    (5, 58, 60, 576460752303423488),
    (5, 58, 61, 1729382256910270464),
    (5, 58, 62, 4035225266123964416),
    (5, 58, 63, 8646911284551352320),
    (5, 58, 57, 0),
    (5, 58, 56, 144115188075855872),
    (5, 58, 50, 0),
    (5, 58, 42, 1125899906842624),
    (5, 58, 34, 1130297953353728),
    (5, 58, 26, 1130315133222912),
    (5, 58, 18, 1130315200331776),
    (5, 58, 10, 1130315200593920),
    (5, 58, 2, 1130315200594944),
    (2, 59, 44, 0),
    (2, 59, 42, 0),
    (2, 59, 53, 0),
    (2, 59, 49, 0),
    (6, 59, 52, 0),
    (6, 59, 50, 0),
    (6, 59, 60, 0),
    (6, 59, 58, 0),
    (6, 59, 51, 0),
    (3, 59, 52, 0),
    (3, 59, 45, 4503599627370496),
    (3, 59, 38, 4538783999459328),
    (3, 59, 31, 4539058877366272),
    (3, 59, 50, 0),
    (3, 59, 41, 1125899906842624),
    (3, 59, 32, 1128098930098176),
    (4, 59, 60, 0),
    (4, 59, 61, 1152921504606846976),
    (4, 59, 62, 3458764513820540928),
    (4, 59, 63, 8070450532247928832),
    (4, 59, 58, 0),
    (4, 59, 57, 288230376151711744),
    (4, 59, 56, 432345564227567616),
    (4, 59, 51, 0),
    (4, 59, 43, 2251799813685248),
    (4, 59, 35, 2260595906707456),
    (4, 59, 27, 2260630266445824),
    (4, 59, 19, 2260630400663552),
    (4, 59, 11, 2260630401187840),
    (4, 59, 3, 2260630401189888),
    (5, 59, 52, 0),
    (5, 59, 45, 4503599627370496),
    (5, 59, 38, 4538783999459328),
    (5, 59, 31, 4539058877366272),
    (5, 59, 50, 0),
    (5, 59, 41, 1125899906842624),
    (5, 59, 32, 1128098930098176),
    (5, 59, 60, 0),
    (5, 59, 61, 1152921504606846976),
    (5, 59, 62, 3458764513820540928),
    (5, 59, 63, 8070450532247928832),
    (5, 59, 58, 0),
    (5, 59, 57, 288230376151711744),
    (5, 59, 56, 432345564227567616),
    (5, 59, 51, 0),
    (5, 59, 43, 2251799813685248),
    (5, 59, 35, 2260595906707456),
    (5, 59, 27, 2260630266445824),
    (5, 59, 19, 2260630400663552),
    (5, 59, 11, 2260630401187840),
    (5, 59, 3, 2260630401189888),
    (2, 60, 45, 0),
    (2, 60, 43, 0),
    (2, 60, 54, 0),
    (2, 60, 50, 0),
    (6, 60, 53, 0),
    (6, 60, 51, 0),
    (6, 60, 61, 0),
    (6, 60, 59, 0),
    (6, 60, 52, 0),
    (3, 60, 53, 0),
    (3, 60, 46, 9007199254740992),
    (3, 60, 39, 9077567998918656),
    (3, 60, 51, 0),
    (3, 60, 42, 2251799813685248),
    (3, 60, 33, 2256197860196352),
    (3, 60, 24, 2256206450130944),
    (4, 60, 61, 0),
    (4, 60, 62, 2305843009213693952),
    (4, 60, 63, 6917529027641081856),
    (4, 60, 59, 0),
    (4, 60, 58, 576460752303423488),
    (4, 60, 57, 864691128455135232),
    (4, 60, 56, 1008806316530991104),
    (4, 60, 52, 0),
    (4, 60, 44, 4503599627370496),
    (4, 60, 36, 4521191813414912),
    (4, 60, 28, 4521260532891648),
    (4, 60, 20, 4521260801327104),
    (4, 60, 12, 4521260802375680),
    (4, 60, 4, 4521260802379776),
    (5, 60, 53, 0),
    (5, 60, 46, 9007199254740992),
    (5, 60, 39, 9077567998918656),
    (5, 60, 51, 0),
    (5, 60, 42, 2251799813685248),
    (5, 60, 33, 2256197860196352),
    (5, 60, 24, 2256206450130944),
    (5, 60, 61, 0),
    (5, 60, 62, 2305843009213693952),
    (5, 60, 63, 6917529027641081856),
    (5, 60, 59, 0),
    (5, 60, 58, 576460752303423488),
    (5, 60, 57, 864691128455135232),
    (5, 60, 56, 1008806316530991104),
    (5, 60, 52, 0),
    (5, 60, 44, 4503599627370496),
    (5, 60, 36, 4521191813414912),
    (5, 60, 28, 4521260532891648),
    (5, 60, 20, 4521260801327104),
    (5, 60, 12, 4521260802375680),
    (5, 60, 4, 4521260802379776),
    (2, 61, 46, 0),
    (2, 61, 44, 0),
    (2, 61, 55, 0),
    (2, 61, 51, 0),
    (6, 61, 54, 0),
    (6, 61, 52, 0),
    (6, 61, 62, 0),
    (6, 61, 60, 0),
    (6, 61, 53, 0),
    (3, 61, 54, 0),
    (3, 61, 47, 18014398509481984),
    (3, 61, 52, 0),
    (3, 61, 43, 4503599627370496),
    (3, 61, 34, 4512395720392704),
    (3, 61, 25, 4512412900261888),
    (3, 61, 16, 4512412933816320),
    (4, 61, 62, 0),
    (4, 61, 63, 4611686018427387904),
    (4, 61, 60, 0),
    (4, 61, 59, 1152921504606846976),
    (4, 61, 58, 1729382256910270464),
    (4, 61, 57, 2017612633061982208),
    (4, 61, 56, 2161727821137838080),
    (4, 61, 53, 0),
    (4, 61, 45, 9007199254740992),
    (4, 61, 37, 9042383626829824),
    (4, 61, 29, 9042521065783296),
    (4, 61, 21, 9042521602654208),
    (4, 61, 13, 9042521604751360),
    (4, 61, 5, 9042521604759552),
    (5, 61, 54, 0),
    (5, 61, 47, 18014398509481984),
    (5, 61, 52, 0),
    (5, 61, 43, 4503599627370496),
    (5, 61, 34, 4512395720392704),
    (5, 61, 25, 4512412900261888),
    (5, 61, 16, 4512412933816320),
    (5, 61, 62, 0),
    (5, 61, 63, 4611686018427387904),
    (5, 61, 60, 0),
    (5, 61, 59, 1152921504606846976),
    (5, 61, 58, 1729382256910270464),
    (5, 61, 57, 2017612633061982208),
    (5, 61, 56, 2161727821137838080),
    (5, 61, 53, 0),
    (5, 61, 45, 9007199254740992),
    (5, 61, 37, 9042383626829824),
    (5, 61, 29, 9042521065783296),
    (5, 61, 21, 9042521602654208),
    (5, 61, 13, 9042521604751360),
    (5, 61, 5, 9042521604759552),
    (2, 62, 47, 0),
    (2, 62, 45, 0),
    (2, 62, 52, 0),
    (6, 62, 55, 0),
    (6, 62, 53, 0),
    (6, 62, 63, 0),
    (6, 62, 61, 0),
    (6, 62, 54, 0),
    (3, 62, 55, 0),
    (3, 62, 53, 0),
    (3, 62, 44, 9007199254740992),
    (3, 62, 35, 9024791440785408),
    (3, 62, 26, 9024825800523776),
    (3, 62, 17, 9024825867632640),
    (3, 62, 8, 9024825867763712),
    (4, 62, 63, 0),
    (4, 62, 61, 0),
    (4, 62, 60, 2305843009213693952),
    (4, 62, 59, 3458764513820540928),
    (4, 62, 58, 4035225266123964416),
    (4, 62, 57, 4323455642275676160),
    (4, 62, 56, 4467570830351532032),
    (4, 62, 54, 0),
    (4, 62, 46, 18014398509481984),
    (4, 62, 38, 18084767253659648),
    (4, 62, 30, 18085042131566592),
    (4, 62, 22, 18085043205308416),
    (4, 62, 14, 18085043209502720),
    (4, 62, 6, 18085043209519104),
    (5, 62, 55, 0),
    (5, 62, 53, 0),
    (5, 62, 44, 9007199254740992),
    (5, 62, 35, 9024791440785408),
    (5, 62, 26, 9024825800523776),
    (5, 62, 17, 9024825867632640),
    (5, 62, 8, 9024825867763712),
    (5, 62, 63, 0),
    (5, 62, 61, 0),
    (5, 62, 60, 2305843009213693952),
    (5, 62, 59, 3458764513820540928),
    (5, 62, 58, 4035225266123964416),
    (5, 62, 57, 4323455642275676160),
    (5, 62, 56, 4467570830351532032),
    (5, 62, 54, 0),
    (5, 62, 46, 18014398509481984),
    (5, 62, 38, 18084767253659648),
    (5, 62, 30, 18085042131566592),
    (5, 62, 22, 18085043205308416),
    (5, 62, 14, 18085043209502720),
    (5, 62, 6, 18085043209519104),
    (2, 63, 46, 0),
    (2, 63, 53, 0),
    (6, 63, 54, 0),
    (6, 63, 62, 0),
    (6, 63, 55, 0),
    (3, 63, 54, 0),
    (3, 63, 45, 18014398509481984),
    (3, 63, 36, 18049582881570816),
    (3, 63, 27, 18049651601047552),
    (3, 63, 18, 18049651735265280),
    (3, 63, 9, 18049651735527424),
    (3, 63, 0, 18049651735527936),
    (4, 63, 62, 0),
    (4, 63, 61, 4611686018427387904),
    (4, 63, 60, 6917529027641081856),
    (4, 63, 59, 8070450532247928832),
    (4, 63, 58, 8646911284551352320),
    (4, 63, 57, 8935141660703064064),
    (4, 63, 56, 9079256848778919936),
    (4, 63, 55, 0),
    (4, 63, 47, 36028797018963968),
    (4, 63, 39, 36169534507319296),
    (4, 63, 31, 36170084263133184),
    (4, 63, 23, 36170086410616832),
    (4, 63, 15, 36170086419005440),
    (4, 63, 7, 36170086419038208),
    (5, 63, 54, 0),
    (5, 63, 45, 18014398509481984),
    (5, 63, 36, 18049582881570816),
    (5, 63, 27, 18049651601047552),
    (5, 63, 18, 18049651735265280),
    (5, 63, 9, 18049651735527424),
    (5, 63, 0, 18049651735527936),
    (5, 63, 62, 0),
    (5, 63, 61, 4611686018427387904),
    (5, 63, 60, 6917529027641081856),
    (5, 63, 59, 8070450532247928832),
    (5, 63, 58, 8646911284551352320),
    (5, 63, 57, 8935141660703064064),
    (5, 63, 56, 9079256848778919936),
    (5, 63, 55, 0),
    (5, 63, 47, 36028797018963968),
    (5, 63, 39, 36169534507319296),
    (5, 63, 31, 36170084263133184),
    (5, 63, 23, 36170086410616832),
    (5, 63, 15, 36170086419005440),
    (5, 63, 7, 36170086419038208);

INSERT INTO attacks_precomputed (square, knight_mask, king_mask, white_pawn_mask, black_pawn_mask) VALUES
    (0, 132096, 770, 0, 512),
    (1, 329728, 1797, 0, 1280),
    (2, 659712, 3594, 0, 2560),
    (3, 1319424, 7188, 0, 5120),
    (4, 2638848, 14376, 0, 10240),
    (5, 5277696, 28752, 0, 20480),
    (6, 10489856, 57504, 0, 40960),
    (7, 4202496, 49216, 0, 16384),
    (8, 33816580, 197123, 2, 131072),
    (9, 84410376, 460039, 5, 327680),
    (10, 168886289, 920078, 10, 655360),
    (11, 337772578, 1840156, 20, 1310720),
    (12, 675545156, 3680312, 40, 2621440),
    (13, 1351090312, 7360624, 80, 5242880),
    (14, 2685403152, 14721248, 160, 10485760),
    (15, 1075839008, 12599488, 64, 4194304),
    (16, 8657044482, 50463488, 512, 33554432),
    (17, 21609056261, 117769984, 1280, 83886080),
    (18, 43234889994, 235539968, 2560, 167772160),
    (19, 86469779988, 471079936, 5120, 335544320),
    (20, 172939559976, 942159872, 10240, 671088640),
    (21, 345879119952, 1884319744, 20480, 1342177280),
    (22, 687463207072, 3768639488, 40960, 2684354560),
    (23, 275414786112, 3225468928, 16384, 1073741824),
    (24, 2216203387392, 12918652928, 131072, 8589934592),
    (25, 5531918402816, 30149115904, 327680, 21474836480),
    (26, 11068131838464, 60298231808, 655360, 42949672960),
    (27, 22136263676928, 120596463616, 1310720, 85899345920),
    (28, 44272527353856, 241192927232, 2621440, 171798691840),
    (29, 88545054707712, 482385854464, 5242880, 343597383680),
    (30, 175990581010432, 964771708928, 10485760, 687194767360),
    (31, 70506185244672, 825720045568, 4194304, 274877906944),
    (32, 567348067172352, 3307175149568, 33554432, 2199023255552),
    (33, 1416171111120896, 7718173671424, 83886080, 5497558138880),
    (34, 2833441750646784, 15436347342848, 167772160, 10995116277760),
    (35, 5666883501293568, 30872694685696, 335544320, 21990232555520),
    (36, 11333767002587136, 61745389371392, 671088640, 43980465111040),
    (37, 22667534005174272, 123490778742784, 1342177280, 87960930222080),
    (38, 45053588738670592, 246981557485568, 2684354560, 175921860444160),
    (39, 18049583422636032, 211384331665408, 1073741824, 70368744177664),
    (40, 145241105196122112, 846636838289408, 8589934592, 562949953421312),
    (41, 362539804446949376, 1975852459884544, 21474836480, 1407374883553280),
    (42, 725361088165576704, 3951704919769088, 42949672960, 2814749767106560),
    (43, 1450722176331153408, 7903409839538176, 85899345920, 5629499534213120),
    (44, 2901444352662306816, 15806819679076352, 171798691840, 11258999068426240),
    (45, 5802888705324613632, 31613639358152704, 343597383680, 22517998136852480),
    (46, 11533718717099671552, 63227278716305408, 687194767360, 45035996273704960),
    (47, 4620693356194824192, 54114388906344448, 274877906944, 18014398509481984),
    (48, 288234782788157440, 216739030602088448, 2199023255552, 144115188075855872),
    (49, 576469569871282176, 505818229730443264, 5497558138880, 360287970189639680),
    (50, 1224997833292120064, 1011636459460886528, 10995116277760, 720575940379279360),
    (51, 2449995666584240128, 2023272918921773056, 21990232555520, 1441151880758558720),
    (52, 4899991333168480256, 4046545837843546112, 43980465111040, 2882303761517117440),
    (53, 9799982666336960512, 8093091675687092224, 87960930222080, 5764607523034234880),
    (54, 1152939783987658752, 16186183351374184448, 175921860444160, 11529215046068469760),
    (55, 2305878468463689728, 13853283560024178688, 70368744177664, 4611686018427387904),
    (56, 1128098930098176, 144959613005987840, 562949953421312, 0),
    (57, 2257297371824128, 362258295026614272, 1407374883553280, 0),
    (58, 4796069720358912, 724516590053228544, 2814749767106560, 0),
    (59, 9592139440717824, 1449033180106457088, 5629499534213120, 0),
    (60, 19184278881435648, 2898066360212914176, 11258999068426240, 0),
    (61, 38368557762871296, 5796132720425828352, 22517998136852480, 0),
    (62, 4679521487814656, 11592265440851656704, 45035996273704960, 0),
    (63, 9077567998918656, 4665729213955833856, 18014398509481984, 0);

-- =========================================================
-- BOARD STATE POPULATION HELPER
-- =========================================================

INSERT INTO v_board_state
        SELECT 
            COALESCE((SELECT bitboard FROM piece_bitboards WHERE piece = 6), 0::UBIGINT) as wK_bb,
            COALESCE((SELECT bitboard FROM piece_bitboards WHERE piece = 5), 0::UBIGINT) as wQ_bb,
            COALESCE((SELECT bitboard FROM piece_bitboards WHERE piece = 4), 0::UBIGINT) as wR_bb,
            COALESCE((SELECT bitboard FROM piece_bitboards WHERE piece = 3), 0::UBIGINT) as wB_bb,
            COALESCE((SELECT bitboard FROM piece_bitboards WHERE piece = 2), 0::UBIGINT) as wN_bb,
            COALESCE((SELECT bitboard FROM piece_bitboards WHERE piece = 1), 0::UBIGINT) as wP_bb,
            COALESCE((SELECT bitboard FROM piece_bitboards WHERE piece = -6), 0::UBIGINT) as bK_bb,
            COALESCE((SELECT bitboard FROM piece_bitboards WHERE piece = -5), 0::UBIGINT) as bQ_bb,
            COALESCE((SELECT bitboard FROM piece_bitboards WHERE piece = -4), 0::UBIGINT) as bR_bb,
            COALESCE((SELECT bitboard FROM piece_bitboards WHERE piece = -3), 0::UBIGINT) as bB_bb,
            COALESCE((SELECT bitboard FROM piece_bitboards WHERE piece = -2), 0::UBIGINT) as bN_bb,
            COALESCE((SELECT bitboard FROM piece_bitboards WHERE piece = -1), 0::UBIGINT) as bP_bb,
            COALESCE((SELECT castling_rights FROM game_state ORDER BY fullmove_number DESC, halfmove_clock DESC LIMIT 1), 0::HUGEINT) as castling_rights,
            COALESCE((SELECT active_turn FROM game_state ORDER BY fullmove_number DESC, halfmove_clock DESC LIMIT 1), 1::TINYINT) as active_turn;;
